tau,original_grad_norm,regularized_grad_norm,original_last_known,original_last_new,regul_last_known,regul_last_new
0.01751002399078916,14.429817199707031,826.7117919921875,4.366318702697754,4.366318702697754,2.5816688537597656,2.5816688537597656
0.02272996487736835,16.79108428955078,999.9998168945312,4.545589923858643,0.0,6.2336745262146,0.0
0.029552213088343673,14.093693733215332,686.5335693359375,1.7670729160308838,0.0,4.396939277648926,0.0
0.03847809423751076,17.322174072265625,570.341064453125,1.6396187543869019,0.0,3.6814584732055664,0.0
0.05016767848890747,8.78221321105957,239.21742248535156,1.0716907978057861,0.0,1.9730242490768433,0.0
0.05016767848890747,6.153006076812744,212.01377868652344,0.7393765449523926,0.0,1.6044377088546753,0.0
0.05016767848890747,9.872469902038574,292.0929260253906,2.3319711685180664,0.0,2.290259838104248,0.0
0.05016767848890747,17.585765838623047,376.3233337402344,2.4137215614318848,0.0,2.3159658908843994,0.0
0.06549041695350262,23.380165100097656,443.63580322265625,3.257831335067749,0.0,2.615091323852539,0.0
0.08559200163068818,14.622786521911621,308.06304931640625,3.7633235454559326,0.0,2.3311636447906494,0.0
0.08559200163068818,8.633450508117676,194.5216827392578,1.3825039863586426,0.0,1.4036409854888916,0.0
0.08559200163068818,9.255749702453613,245.0205078125,2.220844030380249,0.0,1.8836380243301392,0.0
0.08559200163068818,13.402178764343262,289.0345153808594,2.6690328121185303,0.0,1.9774516820907593,0.0
0.08559200163068818,7.214264392852783,170.67152404785156,2.1494834423065186,0.0,1.2845019102096558,0.0
0.08559200163068818,7.662868499755859,159.1376953125,2.021944999694824,0.0,1.5940781831741333,0.0
0.08559200163068818,6.058993339538574,181.010498046875,1.6410744190216064,0.0,1.5534634590148926,0.0
0.08559200163068818,7.457536697387695,193.28616333007812,1.5938448905944824,0.0,1.578295111656189,0.0
0.08559200163068818,9.975289344787598,182.4840545654297,2.5083212852478027,0.0,1.4556150436401367,0.0
0.08559200163068818,11.419881820678711,228.5888671875,2.4298815727233887,0.0,1.7321258783340454,0.0
0.08559200163068818,10.554890632629395,229.1676788330078,1.7295455932617188,0.0,1.5657776594161987,0.0
0.11198266053066437,8.417155265808105,172.322265625,1.619701862335205,0.0,1.322309136390686,0.0
0.11198266053066437,10.394319534301758,200.15396118164062,1.2984930276870728,0.0,1.4319127798080444,0.0
0.11198266053066437,7.828614234924316,160.34445190429688,1.746164321899414,0.0,1.1098942756652832,0.0
0.11198266053066437,13.368943214416504,194.01559448242188,2.386009693145752,0.0,1.2885781526565552,0.0
0.1466537764174275,16.74159049987793,220.1436309814453,3.2457633018493652,0.0,1.426020622253418,0.0
0.1466537764174275,7.323920249938965,129.30975341796875,1.7665408849716187,0.0,0.9283297657966614,0.0
0.1466537764174275,6.285784721374512,118.8936538696289,1.5827651023864746,0.0,1.0635136365890503,0.0
0.1466537764174275,11.33110237121582,186.8352508544922,2.2462167739868164,0.0,1.2028330564498901,0.0
0.1466537764174275,13.054862022399902,188.94447326660156,2.8017687797546387,0.0,1.3012616634368896,0.0
0.1466537764174275,10.106085777282715,165.43685913085938,3.1846227645874023,0.0,1.2593096494674683,0.0
0.1466537764174275,7.966550827026367,160.4909210205078,2.0344698429107666,0.0,1.2197409868240356,0.0
0.11198266053066436,9.555891036987305,184.75294494628906,2.426654815673828,0.0,1.4822287559509277,0.0
0.11198266053066436,9.081612586975098,175.9474334716797,2.731316328048706,0.0,1.3527405261993408,0.0
0.11198266053066436,8.154284477233887,195.76022338867188,2.192732810974121,0.0,1.6482620239257812,0.0
0.11198266053066436,6.281790733337402,148.89918518066406,1.6969155073165894,0.0,1.345822811126709,0.0
0.11198266053066436,4.714931011199951,119.09454345703125,1.1155774593353271,0.0,1.0196959972381592,0.0
0.08559200163068817,12.507523536682129,255.77227783203125,2.6314852237701416,0.0,1.6053006649017334,0.0
0.11198266053066436,9.44201374053955,202.70980834960938,2.072360038757324,0.0,1.3660184144973755,0.0
0.11198266053066436,5.643494129180908,136.0423126220703,1.5806119441986084,0.0,1.0440351963043213,0.0
0.11198266053066436,11.474159240722656,217.01434326171875,2.4058499336242676,0.0,1.6999279260635376,0.0
0.11198266053066436,8.344632148742676,200.05519104003906,1.9521780014038086,0.0,1.5064234733581543,0.0
0.11198266053066436,4.3358354568481445,109.71388244628906,1.634240984916687,0.0,1.0051488876342773,0.0
0.08559200163068817,12.704026222229004,267.9112243652344,2.082367181777954,0.0,1.80564546585083,0.0
0.08559200163068817,8.093131065368652,188.95895385742188,2.199275493621826,0.0,1.2422469854354858,0.0
0.08559200163068817,8.930423736572266,221.31314086914062,3.087656259536743,0.0,1.5429120063781738,0.0
0.08559200163068817,11.141408920288086,283.71728515625,3.26857590675354,0.0,2.389657497406006,0.0
0.08559200163068817,7.540955066680908,181.73696899414062,2.8296103477478027,0.0,1.6451040506362915,0.0
0.08559200163068817,5.683794975280762,156.62962341308594,1.7199620008468628,0.0,1.4234708547592163,0.0
0.0654904169535026,8.986968994140625,225.01881408691406,1.6961177587509155,0.0,1.7914204597473145,0.0
0.0654904169535026,5.709443092346191,179.94198608398438,2.721156597137451,0.0,1.3946912288665771,0.0
0.0654904169535026,4.261312484741211,157.376953125,1.2887351512908936,0.0,1.575780987739563,0.0
0.05016767848890746,8.369172096252441,276.8703308105469,2.4875736236572266,0.0,2.1033506393432617,0.0
0.05016767848890746,4.776831150054932,195.70498657226562,2.0922834873199463,0.0,1.5814157724380493,0.0
0.05016767848890746,3.436535120010376,164.4294891357422,1.373002290725708,0.0,1.2957000732421875,0.0
0.03847809423751075,7.410402297973633,266.9414978027344,1.5518978834152222,0.0,2.1969830989837646,0.0
0.05016767848890746,7.140299320220947,249.9239959716797,1.5242886543273926,0.0,1.874448299407959,0.0
0.06549041695350259,8.76944637298584,211.21641540527344,2.9749536514282227,0.0,1.527595043182373,0.0
0.08559200163068816,8.71721363067627,211.45947265625,2.469975471496582,0.0,1.4793100357055664,0.0
0.08559200163068816,4.622844696044922,131.07577514648438,1.8398467302322388,0.0,1.2060546875,0.0
0.08559200163068816,4.673422336578369,128.55657958984375,1.681440830230713,0.0,0.9063093662261963,0.0
0.08559200163068816,9.289981842041016,218.19680786132812,2.790249824523926,0.0,1.5101981163024902,0.0
0.11198266053066434,5.8143696784973145,139.3026885986328,2.442878484725952,0.0,1.0950452089309692,0.0
0.08559200163068816,5.2340168952941895,132.7496337890625,1.4688385725021362,0.0,0.992806613445282,0.0
0.08559200163068816,8.704519271850586,207.91761779785156,2.9500489234924316,0.0,1.7099608182907104,0.0
0.08559200163068816,9.418477058410645,219.80259704589844,2.150742530822754,0.0,1.4979897737503052,0.0
0.08559200163068816,7.078848361968994,172.47311401367188,2.5570738315582275,0.0,1.4632232189178467,0.0
0.08559200163068816,8.261338233947754,186.21070861816406,3.172710418701172,0.0,1.7498975992202759,0.0
0.06549041695350259,5.7804059982299805,182.87953186035156,2.514857769012451,0.0,1.697882056236267,0.0
0.050167678488907456,5.427781581878662,183.13011169433594,1.6737436056137085,0.0,1.5015510320663452,0.0
0.050167678488907456,12.05646800994873,306.82080078125,3.571572780609131,0.0,1.982142448425293,0.0
0.06549041695350259,7.410775184631348,230.84014892578125,2.2145957946777344,0.0,1.651149868965149,0.0
0.06549041695350259,6.121008396148682,199.89060974121094,2.405226469039917,0.0,1.5804320573806763,0.0
0.06549041695350259,8.66197395324707,275.4533996582031,3.7577695846557617,0.0,2.226188898086548,0.0
0.06549041695350259,7.550975322723389,224.47323608398438,2.367847204208374,0.0,1.9668940305709839,0.0
0.06549041695350259,4.979445457458496,168.5053253173828,2.5900778770446777,0.0,1.4345729351043701,0.0
0.06549041695350259,7.2589521408081055,236.99452209472656,1.8293099403381348,0.0,1.6062495708465576,0.0
0.06549041695350259,5.6133952140808105,177.1659393310547,2.0914323329925537,0.0,1.6472774744033813,0.0
0.06549041695350259,3.0006279945373535,114.3204116821289,1.0263028144836426,0.0,1.131570816040039,0.0
0.050167678488907456,4.427425861358643,162.47398376464844,2.3203604221343994,0.0,1.764849066734314,0.0
0.038478094237510745,5.837087631225586,197.984375,4.042157173156738,0.0,2.0026564598083496,0.0
0.029552213088343667,3.972477436065674,192.6712188720703,2.311532497406006,0.0,2.0000572204589844,0.0
0.029552213088343667,4.403547763824463,246.77757263183594,1.6172676086425781,0.0,2.083965301513672,0.0
0.029552213088343667,4.61538028717041,227.45321655273438,1.2824546098709106,0.0,1.979194164276123,0.0
0.029552213088343667,3.8819100856781006,210.94190979003906,1.0240507125854492,0.0,1.9250819683074951,0.0
0.029552213088343667,7.6663079261779785,365.547119140625,2.7199833393096924,0.0,2.906893491744995,0.0
0.029552213088343667,7.9869384765625,322.8454895019531,2.926766872406006,0.0,2.6466333866119385,0.0
0.029552213088343667,8.551884651184082,342.9039001464844,3.1195783615112305,0.0,2.3780739307403564,0.0
0.038478094237510745,7.621806621551514,345.06793212890625,1.9926143884658813,0.0,2.6648857593536377,0.0
0.038478094237510745,4.324986457824707,221.0673370361328,1.5491830110549927,0.0,1.8643889427185059,0.0
0.038478094237510745,4.628640651702881,231.48492431640625,1.2764695882797241,0.0,2.025529146194458,0.0
0.038478094237510745,6.164968967437744,258.4654235839844,3.761340856552124,0.0,2.416677236557007,0.0
0.038478094237510745,6.324021339416504,257.4132995605469,3.74474835395813,0.0,2.792154312133789,0.0
0.038478094237510745,3.9070217609405518,172.44662475585938,2.190387725830078,0.0,2.060701370239258,0.0
0.029552213088343667,5.180148124694824,240.26889038085938,1.554457426071167,0.0,2.3114013671875,0.0
0.029552213088343667,3.2920618057250977,188.5569610595703,1.640015959739685,0.0,1.6066612005233765,0.0
0.029552213088343667,4.015855312347412,222.0809326171875,1.6138876676559448,0.0,2.1845972537994385,0.0
0.029552213088343667,6.562431335449219,272.77447509765625,1.5626450777053833,0.0,2.3155179023742676,0.0
0.029552213088343667,5.557896137237549,235.695556640625,2.1886143684387207,0.0,2.337540864944458,0.0
0.029552213088343667,4.359623908996582,210.28573608398438,2.1177000999450684,0.0,2.0439140796661377,0.0
0.029552213088343667,6.910752296447754,335.234130859375,2.841237783432007,0.0,3.1436638832092285,0.0
0.029552213088343667,6.381844997406006,293.1739501953125,2.5900275707244873,0.0,2.9323806762695312,0.0
0.029552213088343667,3.444338798522949,194.33482360839844,1.7772297859191895,0.0,2.064067840576172,0.0
0.022729964877368343,6.079550266265869,303.5990295410156,4.026571273803711,0.0,3.2282216548919678,0.0
0.022729964877368343,7.726443290710449,434.8982238769531,2.7126519680023193,0.0,3.6162331104278564,0.0
0.029552213088343667,6.106095314025879,339.15826416015625,2.223435640335083,0.0,2.8504459857940674,0.0
0.029552213088343667,4.014003276824951,245.3790283203125,1.8955117464065552,0.0,2.4998414516448975,0.0
0.022729964877368343,2.83754301071167,214.73463439941406,0.8926984667778015,0.0,2.14540696144104,0.0
0.017510023990789162,3.4977309703826904,278.4704895019531,1.1123476028442383,0.0,2.6626834869384766,0.0
0.017510023990789162,4.585592746734619,308.2250061035156,2.6747686862945557,0.0,3.4032833576202393,0.0
0.017510023990789162,3.9295387268066406,300.2301330566406,1.7425217628479004,0.0,3.1186280250549316,0.0
0.017510023990789162,4.982419967651367,342.4158630371094,2.4746992588043213,0.0,3.128842353820801,0.0
0.017510023990789162,5.169916152954102,347.3351135253906,1.8056252002716064,0.0,3.5284039974212646,0.0
0.017510023990789162,3.439519166946411,255.4438018798828,1.6464171409606934,0.0,2.992844343185425,0.0
0.017510023990789162,3.1725409030914307,235.93206787109375,1.685602068901062,0.0,2.331721782684326,0.0
0.017510023990789162,5.314958095550537,363.26080322265625,3.240863561630249,0.0,4.181754112243652,0.0
0.01751002399078916,5.5738725662231445,349.03759765625,3.171330690383911,0.0,3.2604594230651855,0.0
0.01751002399078916,6.1618266105651855,414.99017333984375,2.6659228801727295,0.0,3.5971579551696777,0.0
0.02272996487736835,7.355747222900391,410.60760498046875,3.171456813812256,0.0,3.6672823429107666,0.0
0.02272996487736835,4.959897041320801,344.38751220703125,1.976776123046875,0.0,2.9564993381500244,0.0
0.02272996487736835,3.833923101425171,256.7081604003906,2.064939022064209,0.0,2.609043598175049,0.0
0.02272996487736835,5.74453067779541,288.9457702636719,4.074976921081543,0.0,3.4225094318389893,0.0
0.02272996487736835,3.848783254623413,257.2315368652344,1.9186975955963135,0.0,3.119629144668579,0.0
0.02272996487736835,4.362433433532715,248.12071228027344,2.2849647998809814,0.0,2.7981855869293213,0.0
0.02272996487736835,3.0220000743865967,211.7196044921875,1.1795501708984375,0.0,2.6404099464416504,0.0
0.02272996487736835,3.197385311126709,209.6051025390625,1.9299310445785522,0.0,2.5163040161132812,0.0
0.01751002399078916,3.5783348083496094,241.02964782714844,2.2513489723205566,0.0,2.6839194297790527,0.0
0.01751002399078916,4.5028181076049805,334.7007141113281,1.9492526054382324,0.0,3.3870794773101807,0.0
0.01751002399078916,3.6695735454559326,307.63299560546875,1.6185264587402344,0.0,3.002803087234497,0.0
0.01751002399078916,2.098522424697876,168.63804626464844,1.0342652797698975,0.0,1.7685729265213013,0.0
0.01751002399078916,9.337858200073242,630.1835327148438,4.30582857131958,0.0,5.48124885559082,0.0
0.02272996487736835,5.384733200073242,349.2897644042969,2.729081392288208,0.0,3.9575130939483643,0.0
0.02272996487736835,4.402115821838379,284.99090576171875,2.8750264644622803,0.0,3.4542877674102783,0.0
0.01751002399078916,4.4929986000061035,275.8695068359375,2.862781286239624,0.0,3.547457695007324,0.0
0.01751002399078916,4.960242748260498,327.5063171386719,2.2812907695770264,0.0,3.62178373336792,0.0
0.01751002399078916,3.428424119949341,280.7027587890625,1.7778319120407104,0.0,2.914527416229248,0.0
0.01751002399078916,6.568803310394287,490.7496643066406,3.019606828689575,0.0,4.291186332702637,0.0
0.01751002399078916,4.838550090789795,285.17816162109375,2.2352826595306396,0.0,3.6236331462860107,0.0
0.01751002399078916,2.9725635051727295,223.0685272216797,1.663166880607605,0.0,2.739605665206909,0.0
0.01751002399078916,6.522302627563477,303.5765686035156,2.698352813720703,0.0,3.2050833702087402,0.0
0.01751002399078916,3.273345708847046,233.8784637451172,1.7867331504821777,0.0,2.8358774185180664,0.0
0.01751002399078916,3.2021868228912354,221.00582885742188,1.6342178583145142,0.0,2.7626702785491943,0.0
0.01751002399078916,3.350039005279541,244.04632568359375,1.1380034685134888,0.0,2.667440176010132,0.0
0.01751002399078916,4.610831260681152,244.0567626953125,3.152522087097168,0.0,2.8029398918151855,0.0
0.01751002399078916,2.1575098037719727,181.098388671875,1.0278804302215576,0.0,2.205066204071045,0.0
0.01751002399078916,5.1528191566467285,378.03607177734375,2.281491279602051,0.0,3.3135478496551514,0.0
0.01751002399078916,2.803467035293579,192.9353790283203,1.68513822555542,0.0,2.128298044204712,0.0
0.01751002399078916,2.9933135509490967,200.7189178466797,1.8788021802902222,0.0,2.726970911026001,0.0
0.01751002399078916,6.895650386810303,374.4075622558594,3.9515066146850586,0.0,3.9423158168792725,0.0
0.01751002399078916,4.104875564575195,315.0826416015625,1.9421412944793701,0.0,3.6352343559265137,0.0
0.01751002399078916,3.7385811805725098,234.76898193359375,2.063148021697998,0.0,2.7801711559295654,0.0
0.01751002399078916,3.9736320972442627,244.32962036132812,2.4023382663726807,0.0,3.21291184425354,0.0
0.01751002399078916,3.232208490371704,215.1470489501953,1.4369319677352905,0.0,2.843750238418579,0.0
0.01751002399078916,3.138939619064331,179.27114868164062,2.1839537620544434,0.0,2.4489800930023193,0.0
0.01751002399078916,4.192464828491211,278.33807373046875,2.4300568103790283,0.0,3.3297717571258545,0.0
0.01751002399078916,5.019746780395508,345.3739013671875,2.985755205154419,0.0,3.868955373764038,0.0
0.01751002399078916,5.290875434875488,343.5720520019531,2.321803331375122,0.0,3.7487921714782715,0.0
0.01751002399078916,3.1186394691467285,227.6832275390625,1.271406650543213,0.0,2.722548246383667,0.0
0.01751002399078916,3.5455191135406494,294.6047668457031,2.0170390605926514,0.0,3.1671974658966064,0.0
0.01751002399078916,3.0386290550231934,203.3771514892578,2.176276206970215,0.0,2.404484510421753,0.0
0.01751002399078916,4.530479431152344,320.8940124511719,2.0952186584472656,0.0,3.1754672527313232,0.0
0.01751002399078916,2.186842441558838,159.68446350097656,1.5180284976959229,0.0,1.810295820236206,0.0
0.01751002399078916,2.4309377670288086,174.57933044433594,1.2004327774047852,0.0,1.9982181787490845,0.0
0.01751002399078916,4.377486228942871,286.05242919921875,2.760082960128784,0.0,3.4098448753356934,0.0
0.01751002399078916,3.7495598793029785,256.0611877441406,1.9702882766723633,0.0,3.2715649604797363,0.0
0.01751002399078916,3.430286169052124,221.28134155273438,2.207219362258911,0.0,2.99660325050354,0.0
0.01751002399078916,2.5780022144317627,197.72718811035156,1.3856641054153442,0.0,2.5124359130859375,0.0
0.01751002399078916,2.525163412094116,181.61131286621094,1.5692180395126343,0.0,2.1560726165771484,0.0
0.01751002399078916,2.073685646057129,162.34153747558594,1.2569129467010498,0.0,1.9250383377075195,0.0
0.01751002399078916,2.0148425102233887,135.25241088867188,1.128021478652954,0.0,1.5905578136444092,0.0
0.01751002399078916,2.4763588905334473,196.21707153320312,1.2508623600006104,0.0,2.092355728149414,0.0
0.01751002399078916,2.433847665786743,173.56483459472656,1.470108985900879,0.0,2.2310807704925537,0.0
0.01751002399078916,4.5902252197265625,260.7062683105469,3.5242042541503906,0.0,3.515850067138672,0.0
0.01751002399078916,3.2467570304870605,192.34178161621094,2.320282459259033,0.0,2.5524768829345703,0.0
0.01751002399078916,1.5673227310180664,137.32537841796875,0.7757620215415955,0.0,1.815116047859192,0.0
0.01751002399078916,8.6426362991333,456.9510803222656,3.936353921890259,0.0,4.8946852684021,0.0
0.01751002399078916,2.78177809715271,242.63058471679688,1.2325820922851562,0.0,2.9812612533569336,0.0
0.01751002399078916,4.1784467697143555,283.33416748046875,2.574716567993164,0.0,3.4908254146575928,0.0
0.01751002399078916,4.427675724029541,296.7850646972656,2.292586326599121,0.0,3.2144601345062256,0.0
0.01751002399078916,3.2672972679138184,241.83709716796875,2.30741286277771,0.0,3.3016278743743896,0.0
0.01751002399078916,2.2722997665405273,183.3301544189453,1.1303300857543945,0.0,2.6254539489746094,0.0
0.01751002399078916,2.878281354904175,210.5610809326172,1.834699273109436,0.0,2.584911584854126,0.0
0.01751002399078916,3.267089605331421,210.1858673095703,1.053339958190918,0.0,2.4198620319366455,0.0
0.01751002399078916,4.238879680633545,289.59332275390625,1.9050137996673584,0.0,3.1562674045562744,0.0
0.01751002399078916,3.8790409564971924,221.69517517089844,2.9490160942077637,0.0,3.1204216480255127,0.0
0.01751002399078916,3.57350754737854,214.35325622558594,2.5983662605285645,0.0,2.726008415222168,0.0
0.01751002399078916,2.9820683002471924,173.37112426757812,2.1877431869506836,0.0,2.495392084121704,0.0
0.01751002399078916,3.6905734539031982,253.36898803710938,1.3183447122573853,0.0,3.0029454231262207,0.0
0.01751002399078916,3.961777687072754,213.62757873535156,2.6867339611053467,0.0,2.399632215499878,0.0
0.01751002399078916,3.716233968734741,249.1881561279297,1.5463441610336304,0.0,2.6392228603363037,0.0
0.01751002399078916,4.757491588592529,303.6141357421875,3.3017711639404297,0.0,3.778228998184204,0.0
0.01751002399078916,2.252671480178833,220.47364807128906,1.0353456735610962,0.0,2.6648192405700684,0.0
0.01751002399078916,2.8465592861175537,203.99827575683594,1.9962586164474487,0.0,2.8897247314453125,0.0
0.01751002399078916,4.557816505432129,287.9071960449219,2.787043571472168,0.0,3.205566883087158,0.0
0.01751002399078916,3.732842445373535,227.02667236328125,1.7770941257476807,0.0,2.349365234375,0.0
0.01751002399078916,2.960446834564209,171.49781799316406,1.8041785955429077,0.0,2.309962749481201,0.0
0.01751002399078916,4.273603439331055,257.2199401855469,3.0451133251190186,0.0,3.3681774139404297,0.0
0.01751002399078916,2.741478204727173,233.1641387939453,1.081695318222046,0.0,3.07961106300354,0.0
0.01751002399078916,2.107011079788208,137.1981201171875,1.4656577110290527,0.0,1.9243199825286865,0.0
0.01751002399078916,2.9523003101348877,242.60726928710938,1.8209284543991089,0.0,2.930208921432495,0.0
0.01751002399078916,3.563795804977417,215.46530151367188,2.1818056106567383,0.0,2.5579469203948975,0.0
0.01751002399078916,2.8419501781463623,218.53343200683594,1.710580825805664,0.0,2.443971872329712,0.0
0.01751002399078916,3.4773898124694824,220.7142333984375,2.247267484664917,0.0,2.8416566848754883,0.0
0.01751002399078916,2.9265966415405273,240.46424865722656,1.4217298030853271,0.0,3.0268595218658447,0.0
0.01751002399078916,3.0437674522399902,193.74452209472656,1.925645112991333,0.0,2.2884328365325928,0.0
0.01751002399078916,5.590314865112305,418.9035339355469,3.150059938430786,0.0,4.793168544769287,0.0
0.01751002399078916,2.9782521724700928,183.68960571289062,2.2297539710998535,0.0,2.517871618270874,0.0
0.01751002399078916,4.15933084487915,240.99822998046875,3.1275570392608643,0.0,3.5460879802703857,0.0
0.01751002399078916,4.567521572113037,345.23248291015625,1.906899333000183,0.0,3.7589824199676514,0.0
0.01751002399078916,3.199903726577759,188.2636260986328,2.024156332015991,0.0,2.458796739578247,0.0
0.01751002399078916,2.2960357666015625,154.89756774902344,1.5147197246551514,0.0,2.42521333694458,0.0
0.01751002399078916,6.502706527709961,401.0135192871094,3.0904648303985596,0.0,4.27520227432251,0.0
0.01751002399078916,5.246558666229248,370.1829528808594,1.9303532838821411,0.0,3.9799318313598633,0.0
0.01751002399078916,4.0418009757995605,330.3442687988281,1.5187994241714478,0.0,3.1698009967803955,0.0
0.01751002399078916,4.345390319824219,273.0140075683594,2.6913912296295166,0.0,3.3501555919647217,0.0
0.01751002399078916,3.627938747406006,208.43333435058594,2.362806558609009,0.0,2.4198336601257324,0.0
0.01751002399078916,2.0546746253967285,167.32435607910156,1.065558671951294,0.0,2.35292649269104,0.0
0.01751002399078916,4.476249694824219,240.45108032226562,3.101311206817627,0.0,2.9433395862579346,0.0
0.01751002399078916,2.679649591445923,184.5010986328125,1.7551730871200562,0.0,2.3152518272399902,0.0
0.01751002399078916,3.391160249710083,192.12033081054688,2.326735019683838,0.0,2.455780029296875,0.0
0.01751002399078916,3.1359362602233887,238.9336395263672,1.78761625289917,0.0,3.2809226512908936,0.0
0.01751002399078916,2.360649585723877,164.9995574951172,1.264815092086792,0.0,2.1008267402648926,0.0
0.01751002399078916,1.7244625091552734,111.32608032226562,1.1959500312805176,0.0,1.7269892692565918,0.0
0.01751002399078916,2.9191184043884277,207.84048461914062,2.0466744899749756,0.0,2.5962114334106445,0.0
0.01751002399078916,1.8760759830474854,154.3903045654297,1.1256730556488037,0.0,2.020625352859497,0.0
0.01751002399078916,1.8174467086791992,135.74598693847656,1.2644473314285278,0.0,1.7578996419906616,0.0
0.01751002399078916,3.460228681564331,270.0352783203125,1.6730518341064453,0.0,3.040755033493042,0.0
0.01751002399078916,3.107499361038208,246.4525604248047,1.6450607776641846,0.0,3.1536130905151367,0.0
0.01751002399078916,2.382242202758789,160.68319702148438,1.4905405044555664,0.0,2.210146903991699,0.0
0.01751002399078916,2.8823156356811523,221.4134979248047,1.7446248531341553,0.0,2.4502296447753906,0.0
0.01751002399078916,4.020852088928223,262.1243591308594,2.5032734870910645,0.0,3.9201481342315674,0.0
0.01751002399078916,2.74507212638855,188.53302001953125,1.7331087589263916,0.0,2.0657925605773926,0.0
0.01751002399078916,5.274608135223389,357.723388671875,1.6213610172271729,0.0,3.6850593090057373,0.0
0.01751002399078916,2.337514877319336,185.14019775390625,1.3798432350158691,0.0,2.5581095218658447,0.0
0.01751002399078916,3.6648929119110107,204.99342346191406,1.8963727951049805,0.0,2.9268548488616943,0.0
0.01751002399078916,3.461759328842163,259.3788146972656,2.0075018405914307,0.0,3.508449077606201,0.0
0.01751002399078916,5.046267509460449,269.87493896484375,2.249931812286377,0.0,3.19212007522583,0.0
0.01751002399078916,3.5225160121917725,194.20489501953125,2.1888046264648438,0.0,2.4715518951416016,0.0
0.01751002399078916,4.449279308319092,302.0986633300781,2.2294673919677734,0.0,3.59093976020813,0.0
0.01751002399078916,4.701148509979248,259.1374816894531,1.3582395315170288,0.0,3.271097183227539,0.0
0.01751002399078916,3.773766040802002,243.33580017089844,1.0860655307769775,0.0,2.7628731727600098,0.0
0.01751002399078916,3.5373404026031494,238.32652282714844,1.3570449352264404,0.0,2.7093679904937744,0.0
0.01751002399078916,2.7648110389709473,185.12307739257812,0.9617706537246704,0.0,2.372816801071167,0.0
0.01751002399078916,3.5027425289154053,245.14422607421875,1.6557625532150269,0.0,3.0833046436309814,0.0
0.01751002399078916,3.547822952270508,262.75830078125,2.23708176612854,0.0,3.045072078704834,0.0
0.01751002399078916,3.6865499019622803,251.2463836669922,1.811578631401062,0.0,2.856106996536255,0.0
0.01751002399078916,4.583592414855957,269.9014892578125,2.2583725452423096,0.0,2.9482262134552,0.0
0.01751002399078916,4.223717212677002,273.5372314453125,2.8751001358032227,0.0,3.228757858276367,0.0
0.01751002399078916,4.39180326461792,345.9962463378906,2.0801093578338623,0.0,3.8868820667266846,0.0
0.01751002399078916,4.772104740142822,295.5362854003906,3.160081148147583,0.0,3.3945326805114746,0.0
0.01751002399078916,3.254173755645752,174.30209350585938,1.8069117069244385,0.0,3.104201078414917,0.0
0.01751002399078916,2.7038238048553467,192.79983520507812,1.6585556268692017,0.0,3.033235549926758,0.0
0.01751002399078916,2.8440186977386475,155.01165771484375,2.3336141109466553,0.0,2.405660390853882,0.0
0.01751002399078916,6.045212745666504,377.1612854003906,2.6375439167022705,0.0,3.777348756790161,0.0
0.01751002399078916,3.1143786907196045,203.7913818359375,1.9634108543395996,0.0,3.4181716442108154,0.0
0.01751002399078916,2.8714828491210938,190.9908447265625,1.7395286560058594,0.0,2.4424362182617188,0.0
0.01751002399078916,6.330902099609375,396.8040771484375,4.013967990875244,0.0,4.6938090324401855,0.0
0.01751002399078916,3.4055659770965576,197.65695190429688,2.500044107437134,0.0,2.8113996982574463,0.0
0.01751002399078916,2.389899969100952,141.97080993652344,1.8603581190109253,0.0,2.0704686641693115,0.0
0.01751002399078916,4.368659019470215,288.7641906738281,2.2155232429504395,0.0,4.134905815124512,0.0
0.01751002399078916,1.898850917816162,140.51809692382812,1.2646113634109497,0.0,2.1419484615325928,0.0
0.01751002399078916,2.1406266689300537,140.89732360839844,1.5065048933029175,0.0,1.9558980464935303,0.0
0.01751002399078916,3.5078556537628174,226.96656799316406,2.4553563594818115,0.0,3.1650240421295166,0.0
0.01751002399078916,2.920698881149292,187.411376953125,1.967144250869751,0.0,2.2903831005096436,0.0
0.01751002399078916,2.193432331085205,158.9681396484375,1.4358447790145874,0.0,2.0367984771728516,0.0
0.01751002399078916,4.606354713439941,336.7923583984375,2.7997491359710693,0.0,3.5199837684631348,0.0
0.01751002399078916,2.4493885040283203,174.04347229003906,1.4539382457733154,0.0,2.239694595336914,0.0
0.01751002399078916,2.0201570987701416,127.81228637695312,1.0089538097381592,0.0,1.7434828281402588,0.0
0.01751002399078916,2.916773557662964,201.55357360839844,2.0311005115509033,0.0,2.775334596633911,0.0
0.01751002399078916,2.456641435623169,174.3129425048828,1.359276533126831,0.0,2.205784559249878,0.0
0.01751002399078916,2.9576072692871094,191.49546813964844,2.0158181190490723,0.0,3.221686363220215,0.0
0.01751002399078916,5.129570007324219,276.7689208984375,2.3512918949127197,0.0,2.763697862625122,0.0
0.01751002399078916,1.7813259363174438,159.84080505371094,1.0259281396865845,0.0,2.1330204010009766,0.0
0.01751002399078916,3.7593090534210205,247.4475555419922,1.6439908742904663,0.0,2.843641996383667,0.0
0.01751002399078916,3.887908697128296,262.8208923339844,2.5644872188568115,0.0,3.8638412952423096,0.0
0.01751002399078916,2.7539031505584717,203.5675048828125,1.5063828229904175,0.0,2.3210902214050293,0.0
0.01751002399078916,1.9994778633117676,153.30943298339844,0.993842363357544,0.0,2.133504867553711,0.0
0.01751002399078916,3.746495008468628,215.07803344726562,1.659830093383789,0.0,2.5844993591308594,0.0
0.01751002399078916,3.296140432357788,229.11331176757812,1.619384765625,0.0,2.7146568298339844,0.0
0.01751002399078916,2.3840250968933105,169.47682189941406,1.1735798120498657,0.0,2.1278419494628906,0.0
0.01751002399078916,4.491698741912842,311.13812255859375,2.987318515777588,0.0,4.121093273162842,0.0
0.01751002399078916,2.7225797176361084,206.42762756347656,1.1219847202301025,0.0,2.613102912902832,0.0
0.01751002399078916,3.9957330226898193,248.96035766601562,2.0330400466918945,0.0,3.039170026779175,0.0
0.01751002399078916,3.63077712059021,235.06814575195312,1.0568715333938599,0.0,2.7363245487213135,0.0
0.01751002399078916,3.97922420501709,254.02821350097656,2.268882989883423,0.0,3.5380895137786865,0.0
0.01751002399078916,2.203611135482788,171.00299072265625,1.1068763732910156,0.0,2.150639772415161,0.0
0.01751002399078916,2.9416232109069824,192.23394775390625,1.0620392560958862,0.0,2.3504419326782227,0.0
0.01751002399078916,1.6714054346084595,124.99613189697266,0.9394813776016235,0.0,1.5366675853729248,0.0
0.01751002399078916,2.524653673171997,167.05810546875,1.4956024885177612,0.0,1.9957308769226074,0.0
0.01751002399078916,4.921323299407959,321.40576171875,2.0032074451446533,0.0,3.637221336364746,0.0
0.01751002399078916,2.462592363357544,173.8548126220703,1.1950567960739136,0.0,2.2060811519622803,0.0
0.01751002399078916,2.194650888442993,132.6932830810547,1.6158543825149536,0.0,1.8312716484069824,0.0
0.01751002399078916,4.198376178741455,290.9449768066406,2.6407930850982666,0.0,4.1027607917785645,0.0
0.01751002399078916,4.73418664932251,269.56378173828125,2.8722567558288574,0.0,3.5787625312805176,0.0
0.01751002399078916,6.282789707183838,302.1947326660156,1.8710178136825562,0.0,4.138153076171875,0.0
0.01751002399078916,5.073136806488037,327.95806884765625,1.9238064289093018,0.0,3.7108852863311768,0.0
0.01751002399078916,2.887669086456299,204.89645385742188,1.744746446609497,0.0,2.6609928607940674,0.0
0.01751002399078916,3.114600658416748,186.02870178222656,1.990281343460083,0.0,2.6229419708251953,0.0
0.01751002399078916,3.4809939861297607,266.7278747558594,2.0765390396118164,0.0,3.5077199935913086,0.0
0.01751002399078916,3.3092565536499023,236.75343322753906,1.4297233819961548,0.0,2.4407601356506348,0.0
0.01751002399078916,2.747668504714966,178.25860595703125,1.423896074295044,0.0,2.5565223693847656,0.0
0.01751002399078916,4.450462818145752,245.6673583984375,1.6977726221084595,0.0,2.6831343173980713,0.0
0.01751002399078916,4.814404010772705,289.574951171875,2.701922655105591,0.0,3.6316473484039307,0.0
0.01751002399078916,3.7293038368225098,227.36611938476562,1.942232608795166,0.0,3.10616397857666,0.0
0.01751002399078916,4.952227592468262,316.19775390625,3.297593593597412,0.0,4.071331977844238,0.0
0.01751002399078916,2.5158121585845947,179.2816619873047,1.2038496732711792,0.0,2.441145420074463,0.0
0.01751002399078916,2.5725009441375732,164.90579223632812,1.5255284309387207,0.0,2.495051622390747,0.0
0.01751002399078916,5.724878787994385,411.3355407714844,2.259068489074707,0.0,4.028249740600586,0.0
0.01751002399078916,7.931551456451416,415.74371337890625,3.55509614944458,0.0,4.9961161613464355,0.0
0.01751002399078916,2.5083935260772705,197.7920684814453,1.535269021987915,0.0,2.308290719985962,0.0
0.01751002399078916,5.239308834075928,363.1918029785156,2.4573352336883545,0.0,3.736057996749878,0.0
0.01751002399078916,2.6043529510498047,184.8233642578125,1.6158150434494019,0.0,2.890185832977295,0.0
0.01751002399078916,2.186971426010132,148.59193420410156,1.3145428895950317,0.0,1.9101500511169434,0.0
0.01751002399078916,2.339350700378418,159.7451934814453,1.4163246154785156,0.0,1.983637809753418,0.0
0.01751002399078916,2.945768117904663,169.44839477539062,1.5219874382019043,0.0,2.7938807010650635,0.0
0.01751002399078916,1.9799238443374634,174.32742309570312,0.9120894074440002,0.0,2.0819404125213623,0.0
0.01751002399078916,3.1025846004486084,223.09274291992188,1.9610121250152588,0.0,3.0498998165130615,0.0
0.01751002399078916,4.128866672515869,245.5308380126953,2.959725856781006,0.0,3.281341791152954,0.0
0.01751002399078916,2.3662109375,210.30459594726562,1.1795258522033691,0.0,2.4360899925231934,0.0
0.01751002399078916,4.755098819732666,338.9091491699219,2.9243180751800537,0.0,4.45106315612793,0.0
0.01751002399078916,3.877641201019287,269.8318176269531,2.874610424041748,0.0,3.5809121131896973,0.0
0.01751002399078916,3.7062695026397705,221.90016174316406,2.969904661178589,0.0,3.0560555458068848,0.0
0.01751002399078916,4.738713264465332,278.8579406738281,2.938025712966919,0.0,4.4377288818359375,0.0
0.01751002399078916,3.487229347229004,262.1077880859375,1.440181851387024,0.0,3.546184539794922,0.0
0.01751002399078916,2.3867924213409424,192.5937957763672,1.5273569822311401,0.0,2.9669792652130127,0.0
0.01751002399078916,2.958355188369751,214.92767333984375,1.7919626235961914,0.0,2.623706102371216,0.0
0.01751002399078916,2.3940980434417725,212.67312622070312,1.4821873903274536,0.0,2.4128236770629883,0.0
0.01751002399078916,1.6720492839813232,155.06301879882812,0.7770504951477051,0.0,1.964192509651184,0.0
0.01751002399078916,3.881643056869507,270.8545837402344,2.3616437911987305,0.0,3.035956859588623,0.0
0.01751002399078916,2.35194993019104,173.95994567871094,1.3099795579910278,0.0,2.37347412109375,0.0
0.01751002399078916,3.8158416748046875,220.34091186523438,1.513132929801941,0.0,3.4048995971679688,0.0
0.01751002399078916,4.374783515930176,285.1085510253906,2.346921443939209,0.0,3.0373353958129883,0.0
0.01751002399078916,4.348060607910156,319.1952819824219,2.594749927520752,0.0,3.1042606830596924,0.0
0.01751002399078916,2.6650352478027344,215.53353881835938,1.0265100002288818,0.0,2.3066790103912354,0.0
0.01751002399078916,2.6896917819976807,206.77767944335938,1.3546745777130127,0.0,2.985459327697754,0.0
0.01751002399078916,1.5802586078643799,115.525390625,0.7695611715316772,0.0,1.8266043663024902,0.0
0.01751002399078916,5.010885715484619,330.6983947753906,3.086198091506958,0.0,3.4332149028778076,0.0
0.01751002399078916,4.146015644073486,245.89047241210938,3.1390602588653564,0.0,3.565912961959839,0.0
0.01751002399078916,3.911783218383789,198.43418884277344,3.210909843444824,0.0,3.369272232055664,0.0
0.01751002399078916,2.071180582046509,160.3300323486328,1.46034836769104,0.0,2.258557081222534,0.0
0.01751002399078916,4.676614761352539,247.90467834472656,3.2667102813720703,0.0,2.9339816570281982,0.0
0.01751002399078916,4.646536350250244,300.8706359863281,1.482849359512329,0.0,3.332672119140625,0.0
0.01751002399078916,2.349402666091919,166.5200958251953,0.8866545557975769,0.0,1.9360036849975586,0.0
0.01751002399078916,4.258964538574219,183.09925842285156,1.603604793548584,0.0,2.2527670860290527,0.0
0.01751002399078916,2.3867743015289307,135.24514770507812,1.6826286315917969,0.0,1.6677297353744507,0.0
0.01751002399078916,3.0446391105651855,164.22718811035156,2.2814760208129883,0.0,2.0881187915802,0.0
0.01751002399078916,2.6961240768432617,234.5481414794922,1.3490066528320312,0.0,2.880218505859375,0.0
0.01751002399078916,2.5669164657592773,157.9029541015625,1.6935453414916992,0.0,2.221590518951416,0.0
0.01751002399078916,2.6024904251098633,200.96096801757812,1.2001444101333618,0.0,2.8803036212921143,0.0
0.01751002399078916,5.207828044891357,343.95599365234375,2.7076730728149414,0.0,4.109946250915527,0.0
0.01751002399078916,3.717041254043579,235.93304443359375,1.6197996139526367,0.0,3.2373225688934326,0.0
0.01751002399078916,3.27729868888855,165.71560668945312,2.153958797454834,0.0,2.634404182434082,0.0
0.01751002399078916,2.101637363433838,145.72378540039062,1.415697693824768,0.0,2.185396671295166,0.0
0.01751002399078916,2.814694881439209,166.94998168945312,2.212146043777466,0.0,2.3528335094451904,0.0
0.01751002399078916,1.8467642068862915,146.0068817138672,0.6375769972801208,0.0,1.7952876091003418,0.0
0.01751002399078916,3.9483046531677246,234.05441284179688,2.892159938812256,0.0,3.4949772357940674,0.0
0.01751002399078916,3.7534847259521484,281.3351745605469,1.2587627172470093,0.0,3.338014841079712,0.0
0.01751002399078916,3.479396343231201,223.97393798828125,1.5401850938796997,0.0,2.5211119651794434,0.0
0.01751002399078916,3.3797476291656494,222.56399536132812,1.5945179462432861,0.0,3.244701385498047,0.0
0.01751002399078916,2.3943755626678467,198.72425842285156,0.7678239941596985,0.0,2.1934375762939453,0.0
0.01751002399078916,1.9443819522857666,128.3512725830078,1.3468730449676514,0.0,1.8731441497802734,0.0
0.01751002399078916,3.2168195247650146,178.11538696289062,2.4161696434020996,0.0,2.222038507461548,0.0
0.01751002399078916,2.582120418548584,164.59552001953125,1.8623722791671753,0.0,2.1401262283325195,0.0
0.01751002399078916,3.4746413230895996,208.64373779296875,1.416141152381897,0.0,2.348578691482544,0.0
0.01751002399078916,3.0131349563598633,239.19268798828125,1.2979406118392944,0.0,2.7050490379333496,0.0
0.01751002399078916,2.837578058242798,188.1832733154297,1.8412734270095825,0.0,2.2454230785369873,0.0
0.01751002399078916,1.605282187461853,117.32200622558594,1.0909665822982788,0.0,1.7086046934127808,0.0
0.01751002399078916,2.59293794631958,213.88999938964844,0.7868813872337341,0.0,2.042640447616577,0.0
0.01751002399078916,2.0780460834503174,181.32968139648438,1.0569487810134888,0.0,2.1589605808258057,0.0
0.01751002399078916,2.0737881660461426,177.13583374023438,0.7924419045448303,0.0,1.7435123920440674,0.0
0.01751002399078916,3.993072032928467,297.1654968261719,2.2070727348327637,0.0,4.295069694519043,0.0
0.01751002399078916,2.604065179824829,200.6992645263672,1.3823304176330566,0.0,2.2017643451690674,0.0
0.01751002399078916,3.1040399074554443,245.05859375,1.7921308279037476,0.0,3.4872519969940186,0.0
0.01751002399078916,6.544773101806641,364.4208068847656,5.144790172576904,0.0,6.545347213745117,0.0
0.01751002399078916,4.532354354858398,319.79412841796875,2.066889762878418,0.0,3.4197442531585693,0.0
0.01751002399078916,3.741020441055298,249.10647583007812,1.6817270517349243,0.0,3.5201966762542725,0.0
0.01751002399078916,1.848219394683838,139.74612426757812,1.0087982416152954,0.0,1.9609044790267944,0.0
0.01751002399078916,3.0160605907440186,229.24790954589844,1.609347939491272,0.0,2.7678139209747314,0.0
0.01751002399078916,3.2669403553009033,241.08709716796875,1.2724518775939941,0.0,2.4065158367156982,0.0
0.01751002399078916,2.3132095336914062,182.18458557128906,1.3923898935317993,0.0,2.66640567779541,0.0
0.01751002399078916,2.6199681758880615,176.92405700683594,1.6919704675674438,0.0,2.2447071075439453,0.0
0.01751002399078916,1.9928232431411743,150.0795135498047,0.8956465125083923,0.0,2.1214678287506104,0.0
0.01751002399078916,3.5491647720336914,248.17015075683594,1.6076116561889648,0.0,2.713306427001953,0.0
0.01751002399078916,3.032364845275879,174.3474884033203,1.9491708278656006,0.0,2.195340633392334,0.0
0.01751002399078916,3.3014450073242188,177.576416015625,2.361609697341919,0.0,2.2979018688201904,0.0
0.01751002399078916,3.2445647716522217,200.82965087890625,2.267033815383911,0.0,2.6021392345428467,0.0
0.01751002399078916,3.822439432144165,227.7214813232422,2.6434242725372314,0.0,2.9753036499023438,0.0
0.01751002399078916,1.932897925376892,142.2081298828125,0.9700518846511841,0.0,1.9524099826812744,0.0
0.01751002399078916,1.2888832092285156,119.44219970703125,0.5270134210586548,0.0,1.4986698627471924,0.0
0.01751002399078916,2.649740219116211,195.4683074951172,1.5491225719451904,0.0,2.300185441970825,0.0
0.01751002399078916,3.024716854095459,205.43798828125,1.9662737846374512,0.0,2.7173757553100586,0.0
0.01751002399078916,3.530282974243164,237.96678161621094,1.0346126556396484,0.0,3.055283546447754,0.0
0.01751002399078916,1.6257537603378296,138.27894592285156,0.7328453660011292,0.0,2.185833215713501,0.0
0.01751002399078916,2.30067777633667,190.51498413085938,0.9996786117553711,0.0,2.42879056930542,0.0
0.01751002399078916,4.156365394592285,258.0686950683594,2.2008590698242188,0.0,3.7635138034820557,0.0
0.01751002399078916,2.6759510040283203,219.4824676513672,1.2890045642852783,0.0,3.103987693786621,0.0
0.01751002399078916,3.302419424057007,238.46339416503906,1.460892915725708,0.0,3.2138078212738037,0.0
0.01751002399078916,4.669602870941162,342.2626037597656,2.7668607234954834,0.0,4.740395545959473,0.0
0.01751002399078916,3.640421152114868,214.39173889160156,2.6863956451416016,0.0,2.73138165473938,0.0
0.01751002399078916,2.6487863063812256,201.58071899414062,1.2475703954696655,0.0,2.7831788063049316,0.0
0.01751002399078916,4.928656578063965,282.7273864746094,3.684225559234619,0.0,4.141834259033203,0.0
0.01751002399078916,2.633924722671509,209.7340545654297,1.6962907314300537,0.0,3.2520394325256348,0.0
0.01751002399078916,3.064112901687622,233.0392303466797,1.6359450817108154,0.0,2.9760332107543945,0.0
0.01751002399078916,3.198359727859497,226.43133544921875,2.1696410179138184,0.0,2.646308422088623,0.0
0.01751002399078916,3.359492778778076,191.10751342773438,2.6117396354675293,0.0,2.3735315799713135,0.0
0.01751002399078916,2.3485281467437744,179.92791748046875,1.3831737041473389,0.0,2.690451145172119,0.0
0.01751002399078916,3.8453800678253174,261.8559265136719,2.695903778076172,0.0,3.920278549194336,0.0
0.01751002399078916,2.4312922954559326,215.65721130371094,1.0052099227905273,0.0,2.4939820766448975,0.0
0.01751002399078916,2.5406150817871094,163.5408477783203,1.535642147064209,0.0,2.2777113914489746,0.0
0.01751002399078916,3.975738286972046,218.99990844726562,2.9366796016693115,0.0,2.9802207946777344,0.0
0.01751002399078916,2.9209065437316895,163.91326904296875,1.8892550468444824,0.0,2.4839329719543457,0.0
0.01751002399078916,2.6082632541656494,204.4932861328125,1.3933300971984863,0.0,2.4595420360565186,0.0
0.01751002399078916,5.609752655029297,370.8815612792969,3.134554386138916,0.0,4.148581504821777,0.0
0.01751002399078916,4.431182861328125,243.93572998046875,3.5265679359436035,0.0,3.583484172821045,0.0
0.01751002399078916,4.67814826965332,241.92669677734375,3.751948833465576,0.0,3.8995063304901123,0.0
0.01751002399078916,2.792259454727173,193.25082397460938,1.7332192659378052,0.0,2.427654981613159,0.0
0.01751002399078916,2.0130374431610107,144.53257751464844,1.4037644863128662,0.0,2.751727342605591,0.0
0.01751002399078916,2.0019497871398926,127.80073547363281,1.485557198524475,0.0,1.7112544775009155,0.0
0.01751002399078916,3.109003782272339,229.90029907226562,1.507763147354126,0.0,2.6632938385009766,0.0
0.01751002399078916,6.541629791259766,287.7746276855469,1.2606738805770874,0.0,4.026996612548828,0.0
0.01751002399078916,3.036634683609009,200.8300018310547,1.1743205785751343,0.0,2.924856662750244,0.0
0.01751002399078916,3.2594616413116455,241.6859588623047,1.7005218267440796,0.0,3.5919268131256104,0.0
0.01751002399078916,2.8003735542297363,193.4720458984375,1.6925500631332397,0.0,3.1623363494873047,0.0
0.01751002399078916,2.070004940032959,130.05303955078125,1.5939315557479858,0.0,1.8890349864959717,0.0
0.01751002399078916,4.29334020614624,258.1665954589844,3.060885190963745,0.0,4.327962875366211,0.0
0.01751002399078916,4.786842346191406,213.5216064453125,2.7865560054779053,0.0,3.310964584350586,0.0
0.01751002399078916,2.8598434925079346,163.92422485351562,2.058913230895996,0.0,2.794419527053833,0.0
0.01751002399078916,3.938011884689331,286.0323791503906,1.2005376815795898,0.0,3.9835333824157715,0.0
0.01751002399078916,2.8595499992370605,186.1419219970703,1.7909256219863892,0.0,2.3473258018493652,0.0
0.01751002399078916,3.9153404235839844,187.3492431640625,1.7649787664413452,0.0,2.743992328643799,0.0
0.01751002399078916,2.947539806365967,232.91114807128906,1.7376803159713745,0.0,2.792232036590576,0.0
0.01751002399078916,2.541881799697876,199.81961059570312,0.9956406354904175,0.0,2.1536953449249268,0.0
0.01751002399078916,3.114659070968628,266.2121887207031,1.3734233379364014,0.0,3.3852357864379883,0.0
0.01751002399078916,3.278402090072632,229.8719482421875,1.9450061321258545,0.0,2.791846752166748,0.0
0.01751002399078916,5.24194860458374,270.5498352050781,1.6990407705307007,0.0,3.5029070377349854,0.0
0.01751002399078916,3.4040768146514893,203.43002319335938,1.4909663200378418,0.0,2.32705020904541,0.0
0.01751002399078916,3.829066038131714,251.33401489257812,1.7924573421478271,0.0,3.548337459564209,0.0
0.01751002399078916,3.2217464447021484,223.8383331298828,0.9964476227760315,0.0,2.525230884552002,0.0
0.01751002399078916,3.5292000770568848,215.078125,2.3605825901031494,0.0,2.8528411388397217,0.0
0.01751002399078916,4.601423740386963,231.81129455566406,2.0706920623779297,0.0,2.9594311714172363,0.0
0.01751002399078916,1.3602697849273682,99.6644058227539,0.5996765494346619,0.0,1.4496874809265137,0.0
0.01751002399078916,3.89288330078125,190.20396423339844,1.4404751062393188,0.0,2.8896005153656006,0.0
0.01751002399078916,6.057527542114258,344.7197265625,3.4927101135253906,0.0,4.7967095375061035,0.0
0.01751002399078916,3.2225892543792725,230.03677368164062,2.174098491668701,0.0,3.323549747467041,0.0
0.01751002399078916,1.8643828630447388,112.38955688476562,1.4778691530227661,0.0,1.8753716945648193,0.0
0.01751002399078916,2.63836932182312,174.4588165283203,1.6554096937179565,0.0,2.549213409423828,0.0
0.01751002399078916,3.4907946586608887,204.0922088623047,2.114438533782959,0.0,2.568652391433716,0.0
0.01751002399078916,2.648305892944336,168.8596649169922,1.7815972566604614,0.0,2.7288320064544678,0.0
0.01751002399078916,3.7122507095336914,217.18972778320312,2.120464324951172,0.0,2.6055257320404053,0.0
0.01751002399078916,3.025031328201294,216.92286682128906,1.9914594888687134,0.0,2.609041452407837,0.0
0.01751002399078916,4.219898223876953,267.78594970703125,2.2687392234802246,0.0,3.6414401531219482,0.0
0.01751002399078916,3.6507484912872314,266.9017028808594,1.4018127918243408,0.0,4.264632701873779,0.0
0.01751002399078916,2.3845479488372803,187.6455841064453,0.9302675127983093,0.0,2.088115930557251,0.0
0.01751002399078916,3.1020309925079346,192.6171875,0.9860553741455078,0.0,1.9801584482192993,0.0
0.01751002399078916,2.282097339630127,151.18299865722656,1.4640628099441528,0.0,1.898590326309204,0.0
0.01751002399078916,2.783334255218506,182.48162841796875,0.9261505603790283,0.0,2.3326451778411865,0.0
0.01751002399078916,2.232736587524414,120.58392333984375,1.7593778371810913,0.0,1.417940378189087,0.0
0.01751002399078916,3.4824249744415283,216.2219696044922,2.1419286727905273,0.0,2.453521251678467,0.0
0.01751002399078916,2.5103797912597656,180.7974395751953,1.29799222946167,0.0,2.5353169441223145,0.0
0.01751002399078916,1.7398117780685425,153.89002990722656,0.7436163425445557,0.0,2.3276915550231934,0.0
0.01751002399078916,3.3850347995758057,267.6228942871094,1.2746305465698242,0.0,3.270301580429077,0.0
0.01751002399078916,1.9077248573303223,154.0688018798828,0.9680997729301453,0.0,2.475231647491455,0.0
0.01751002399078916,2.121321439743042,172.55551147460938,1.2062405347824097,0.0,2.052849769592285,0.0
0.01751002399078916,3.5468909740448,205.3527069091797,2.245016574859619,0.0,2.9858744144439697,0.0
0.01751002399078916,1.9409996271133423,144.25486755371094,0.802340567111969,0.0,2.435805320739746,0.0
0.01751002399078916,3.3786675930023193,188.6013946533203,1.7509453296661377,0.0,3.1338677406311035,0.0
0.01751002399078916,5.859185695648193,316.6839904785156,3.7815260887145996,0.0,4.441159725189209,0.0
0.01751002399078916,5.129106521606445,265.2791442871094,2.941910743713379,0.0,3.6036038398742676,0.0
0.01751002399078916,2.617286443710327,171.01263427734375,1.3366016149520874,0.0,2.2795212268829346,0.0
0.01751002399078916,3.128340005874634,221.69223022460938,1.9810689687728882,0.0,3.521623134613037,0.0
0.01751002399078916,2.283879280090332,118.0663833618164,1.829425573348999,0.0,1.9868396520614624,0.0
0.01751002399078916,3.323673725128174,179.2682647705078,1.6447606086730957,0.0,2.397331714630127,0.0
0.01751002399078916,4.864730358123779,336.93212890625,2.2024214267730713,0.0,4.763326168060303,0.0
0.01751002399078916,3.122565507888794,201.82974243164062,2.156289577484131,0.0,3.327197313308716,0.0
0.01751002399078916,2.9268860816955566,205.80751037597656,1.4777408838272095,0.0,2.7979936599731445,0.0
0.01751002399078916,4.845888137817383,238.1232147216797,2.8894383907318115,0.0,3.996520757675171,0.0
0.01751002399078916,3.9600272178649902,230.3369598388672,2.815814733505249,0.0,3.997013807296753,0.0
0.01751002399078916,3.964735269546509,249.80462646484375,1.7159799337387085,0.0,3.3847014904022217,0.0
0.01751002399078916,3.08380389213562,247.17340087890625,1.3497517108917236,0.0,3.656752824783325,0.0
0.01751002399078916,1.4076807498931885,101.759033203125,0.9011250734329224,0.0,1.5516592264175415,0.0
0.01751002399078916,2.294348955154419,145.58863830566406,1.5277763605117798,0.0,2.1594021320343018,0.0
0.01751002399078916,2.3470420837402344,189.3167266845703,1.1763482093811035,0.0,2.988738775253296,0.0
0.01751002399078916,2.427841901779175,168.4476776123047,1.477165937423706,0.0,2.8737757205963135,0.0
0.01751002399078916,4.9985151290893555,274.9546813964844,2.483107805252075,0.0,3.5988759994506836,0.0
0.01751002399078916,3.0271666049957275,174.34213256835938,2.375478744506836,0.0,2.68845534324646,0.0
0.01751002399078916,2.037369728088379,144.04940795898438,1.1597042083740234,0.0,1.974806785583496,0.0
0.01751002399078916,1.8193572759628296,121.2804183959961,1.2873477935791016,0.0,1.7318624258041382,0.0
0.01751002399078916,3.4734134674072266,276.0445861816406,1.981194257736206,0.0,2.947733163833618,0.0
0.01751002399078916,2.780715227127075,173.71717834472656,0.6778226494789124,0.0,2.1358649730682373,0.0
0.01751002399078916,3.75201678276062,227.2799072265625,1.7724896669387817,0.0,3.5158324241638184,0.0
0.01751002399078916,5.157167911529541,323.1548767089844,3.414905309677124,0.0,4.388186931610107,0.0
0.01751002399078916,3.9709889888763428,243.3012237548828,1.484893560409546,0.0,4.02381706237793,0.0
0.01751002399078916,3.7208614349365234,214.75363159179688,2.8355765342712402,0.0,3.7799770832061768,0.0
0.01751002399078916,2.7560298442840576,184.418701171875,0.9251684546470642,0.0,2.1510417461395264,0.0
0.01751002399078916,2.1442067623138428,108.56985473632812,1.5324678421020508,0.0,1.5796093940734863,0.0
0.01751002399078916,2.670741081237793,185.212158203125,1.2027757167816162,0.0,2.2642345428466797,0.0
0.01751002399078916,3.744353771209717,228.10934448242188,1.9264835119247437,0.0,2.724881172180176,0.0
0.01751002399078916,4.2051472663879395,233.83340454101562,3.0530569553375244,0.0,4.227674961090088,0.0
0.01751002399078916,2.597806692123413,185.85556030273438,1.7416067123413086,0.0,2.9655652046203613,0.0
0.01751002399078916,3.1139063835144043,222.1437530517578,2.079312562942505,0.0,3.3834855556488037,0.0
0.01751002399078916,2.415271043777466,180.3483428955078,1.3223921060562134,0.0,2.7443385124206543,0.0
0.01751002399078916,2.4107534885406494,125.92035675048828,1.8579190969467163,0.0,2.4196882247924805,0.0
0.01751002399078916,3.7815988063812256,256.89532470703125,2.2793619632720947,0.0,3.8665547370910645,0.0
0.01751002399078916,3.6907236576080322,245.73306274414062,2.3861172199249268,0.0,3.2725720405578613,0.0
0.01751002399078916,2.290640115737915,160.60546875,1.6743555068969727,0.0,2.862534999847412,0.0
0.01751002399078916,3.7841525077819824,235.8583984375,1.4149657487869263,0.0,3.1425094604492188,0.0
0.01751002399078916,3.1648199558258057,196.41514587402344,2.3134522438049316,0.0,3.1243720054626465,0.0
0.01751002399078916,2.4643056392669678,165.5048370361328,1.078826904296875,0.0,2.559638500213623,0.0
0.01751002399078916,3.2070250511169434,251.8209991455078,1.7289692163467407,0.0,3.465392589569092,0.0
0.01751002399078916,2.4914278984069824,187.00161743164062,1.535019040107727,0.0,2.341768980026245,0.0
0.01751002399078916,3.7738406658172607,200.9243927001953,2.6700820922851562,0.0,2.990445613861084,0.0
0.01751002399078916,5.191512107849121,219.0681610107422,1.5116627216339111,0.0,3.7243125438690186,0.0
0.01751002399078916,4.346466064453125,265.53985595703125,3.29725980758667,0.0,3.2604188919067383,0.0
0.01751002399078916,2.93007230758667,192.1882781982422,1.3673381805419922,0.0,2.4851880073547363,0.0
0.01751002399078916,4.863114833831787,289.94061279296875,1.6434589624404907,0.0,3.413999557495117,0.0
0.01751002399078916,2.7200422286987305,175.63572692871094,2.0645644664764404,0.0,2.475496292114258,0.0
0.01751002399078916,3.3233938217163086,192.74899291992188,1.805208683013916,0.0,2.9700238704681396,0.0
0.01751002399078916,3.704474449157715,246.56130981445312,1.5124434232711792,0.0,3.254148006439209,0.0
0.01751002399078916,4.179749965667725,202.7376251220703,1.0210199356079102,0.0,2.9081034660339355,0.0
0.01751002399078916,2.116795301437378,163.2444305419922,1.2331411838531494,0.0,2.391594409942627,0.0
0.01751002399078916,2.5257644653320312,170.95877075195312,1.4172970056533813,0.0,2.278839111328125,0.0
0.01751002399078916,3.1152443885803223,186.1996307373047,1.6595736742019653,0.0,2.9515302181243896,0.0
0.01751002399078916,1.9177613258361816,107.67221069335938,1.1258115768432617,0.0,1.7714474201202393,0.0
0.01751002399078916,3.2652599811553955,213.6984100341797,1.1346654891967773,0.0,2.1737306118011475,0.0
0.01751002399078916,2.9514002799987793,177.74522399902344,1.066873550415039,0.0,2.655294179916382,0.0
0.01751002399078916,4.555936336517334,317.7804260253906,2.2465734481811523,0.0,3.6953697204589844,0.0
0.01751002399078916,3.3380258083343506,268.33697509765625,1.1519404649734497,0.0,4.015995502471924,0.0
0.01751002399078916,2.284329414367676,162.04078674316406,1.7017199993133545,0.0,2.3585686683654785,0.0
0.01751002399078916,2.379040479660034,163.5775146484375,0.993287205696106,0.0,2.0879204273223877,0.0
0.01751002399078916,5.038014888763428,290.3363342285156,3.3308048248291016,0.0,4.323408603668213,0.0
0.01751002399078916,4.434473037719727,252.57562255859375,1.4747765064239502,0.0,2.895778179168701,0.0
0.01751002399078916,2.808232545852661,186.8414764404297,1.7264991998672485,0.0,2.464768886566162,0.0
0.01751002399078916,2.8479697704315186,185.6145477294922,1.8655859231948853,0.0,2.7444403171539307,0.0
0.01751002399078916,2.354867458343506,159.27362060546875,1.6673864126205444,0.0,2.277862787246704,0.0
0.01751002399078916,2.0807368755340576,132.98089599609375,1.3795390129089355,0.0,1.8803519010543823,0.0
0.01751002399078916,4.081813335418701,242.4480438232422,2.6047236919403076,0.0,3.3087775707244873,0.0
0.01751002399078916,2.083226203918457,151.07310485839844,1.3745778799057007,0.0,2.2003467082977295,0.0
0.01751002399078916,3.0331032276153564,171.7363739013672,1.3489044904708862,0.0,2.3628854751586914,0.0
0.01751002399078916,3.8009731769561768,289.9879455566406,1.3114070892333984,0.0,3.5355608463287354,0.0
0.01751002399078916,4.4247212409973145,243.81097412109375,2.666861057281494,0.0,4.451199054718018,0.0
0.01751002399078916,5.22691011428833,220.476806640625,1.4271936416625977,0.0,2.511791467666626,0.0
0.01751002399078916,3.3496646881103516,182.1955108642578,2.373323440551758,0.0,3.817031145095825,0.0
0.01751002399078916,2.2743053436279297,174.40965270996094,1.2475342750549316,0.0,2.7182624340057373,0.0
0.01751002399078916,2.0709972381591797,142.8133544921875,1.3492369651794434,0.0,2.2428038120269775,0.0
0.01751002399078916,2.822615385055542,196.57247924804688,1.2486299276351929,0.0,3.15693736076355,0.0
0.01751002399078916,1.759643316268921,104.53357696533203,1.2960221767425537,0.0,1.5698448419570923,0.0
0.01751002399078916,2.27483868598938,161.4995574951172,1.5112301111221313,0.0,2.0212676525115967,0.0
0.01751002399078916,3.717194080352783,222.90347290039062,2.015624761581421,0.0,3.7201015949249268,0.0
0.01751002399078916,3.4327194690704346,240.5100555419922,0.9226868748664856,0.0,2.969119071960449,0.0
0.01751002399078916,2.8136003017425537,192.43788146972656,1.3193235397338867,0.0,2.6476175785064697,0.0
0.01751002399078916,2.248105525970459,151.88809204101562,1.7498295307159424,0.0,2.657015562057495,0.0
0.01751002399078916,2.778186798095703,193.70953369140625,1.4813772439956665,0.0,2.509509563446045,0.0
0.01751002399078916,1.150852084159851,87.8124771118164,0.47077760100364685,0.0,1.3323005437850952,0.0
0.01751002399078916,5.0944743156433105,211.52838134765625,4.131946086883545,0.0,2.855433940887451,0.0
0.01751002399078916,2.8692562580108643,188.18313598632812,2.1664211750030518,0.0,2.5514914989471436,0.0
0.01751002399078916,3.4463534355163574,180.03463745117188,2.686232805252075,0.0,2.9690940380096436,0.0
0.01751002399078916,4.477993011474609,228.8104248046875,3.0712671279907227,0.0,2.989752769470215,0.0
0.01751002399078916,2.9153354167938232,176.07505798339844,1.5942219495773315,0.0,2.176065444946289,0.0
0.01751002399078916,3.637373447418213,211.6035614013672,0.962455689907074,0.0,3.1108200550079346,0.0
0.01751002399078916,3.8931946754455566,206.72218322753906,3.0431861877441406,0.0,3.2265405654907227,0.0
0.01751002399078916,3.2017643451690674,216.2721405029297,2.3302340507507324,0.0,3.618060350418091,0.0
0.01751002399078916,4.192102909088135,211.499267578125,1.6753233671188354,0.0,3.548675775527954,0.0
0.01751002399078916,3.6576833724975586,295.18121337890625,1.5149836540222168,0.0,3.6962358951568604,0.0
0.01751002399078916,3.972014904022217,260.9341735839844,2.5029067993164062,0.0,4.217579364776611,0.0
0.01751002399078916,2.9940109252929688,200.0997772216797,1.6141300201416016,0.0,3.3361756801605225,0.0
0.01751002399078916,2.1600401401519775,192.98858642578125,0.8719450235366821,0.0,2.881134271621704,0.0
0.01751002399078916,2.222377061843872,158.90557861328125,1.4255117177963257,0.0,2.485896110534668,0.0
0.01751002399078916,2.0305843353271484,164.6258087158203,0.6285719275474548,0.0,2.013768434524536,0.0
0.01751002399078916,3.6489741802215576,242.888427734375,1.711122989654541,0.0,3.457124710083008,0.0
0.01751002399078916,3.139279365539551,163.25218200683594,2.165492534637451,0.0,3.1448514461517334,0.0
0.01751002399078916,3.8500773906707764,181.0098876953125,2.31345534324646,0.0,3.312673568725586,0.0
0.01751002399078916,4.7946391105651855,323.7606506347656,3.0872833728790283,0.0,4.3163065910339355,0.0
0.01751002399078916,2.5584182739257812,164.271240234375,1.9005012512207031,0.0,2.7269368171691895,0.0
0.01751002399078916,2.741846799850464,184.51397705078125,1.7425769567489624,0.0,3.2011139392852783,0.0
0.01751002399078916,4.10579776763916,229.94561767578125,1.8869322538375854,0.0,3.5780510902404785,0.0
0.01751002399078916,2.6665191650390625,200.1971435546875,0.9613260626792908,0.0,2.485929250717163,0.0
0.01751002399078916,2.1254050731658936,137.46653747558594,1.390025019645691,0.0,1.763144850730896,0.0
0.01751002399078916,3.6068530082702637,264.97979736328125,2.5026211738586426,0.0,3.653242588043213,0.0
0.01751002399078916,2.678598165512085,173.72079467773438,1.7047967910766602,0.0,2.5098214149475098,0.0
0.01751002399078916,1.7460746765136719,133.3893280029297,1.0397170782089233,0.0,1.799681305885315,0.0
0.01751002399078916,3.2164738178253174,235.858154296875,1.890001893043518,0.0,3.15545916557312,0.0
0.01751002399078916,3.5013606548309326,230.77122497558594,2.0905158519744873,0.0,3.5093579292297363,0.0
0.01751002399078916,4.394714832305908,232.99598693847656,2.3484504222869873,0.0,3.192934274673462,0.0
0.01751002399078916,4.961423873901367,351.6138000488281,3.0844953060150146,0.0,5.14208984375,0.0
0.01751002399078916,1.967177391052246,141.54000854492188,0.679618775844574,0.0,1.5448530912399292,0.0
0.01751002399078916,2.0154173374176025,96.70504760742188,1.517061471939087,0.0,1.784463882446289,0.0
0.01751002399078916,3.7823190689086914,247.54107666015625,2.2238683700561523,0.0,3.0297746658325195,0.0
0.01751002399078916,2.6987242698669434,189.07965087890625,1.8588441610336304,0.0,3.227353572845459,0.0
0.01751002399078916,2.7093701362609863,184.3884735107422,1.7689601182937622,0.0,2.3275582790374756,0.0
0.01751002399078916,4.932099342346191,270.0045471191406,1.450569987297058,0.0,3.0167438983917236,0.0
0.01751002399078916,2.9408059120178223,235.6505584716797,1.5985631942749023,0.0,2.7024781703948975,0.0
0.01751002399078916,2.86104154586792,191.0854034423828,1.9339971542358398,0.0,3.081230640411377,0.0
0.01751002399078916,4.736618995666504,266.82904052734375,3.2903478145599365,0.0,3.652163028717041,0.0
0.01751002399078916,4.028677463531494,190.09776306152344,3.48989200592041,0.0,2.870046854019165,0.0
0.01751002399078916,2.564443826675415,128.09902954101562,1.3088732957839966,0.0,1.6831923723220825,0.0
0.01751002399078916,3.3122825622558594,260.3366394042969,1.7611658573150635,0.0,3.5442261695861816,0.0
0.01751002399078916,2.8002543449401855,181.4823760986328,1.6199965476989746,0.0,2.867706298828125,0.0
0.01751002399078916,2.094404458999634,132.06817626953125,1.2333693504333496,0.0,1.91685950756073,0.0
0.01751002399078916,5.439919471740723,343.7403869628906,4.061781406402588,0.0,4.594435214996338,0.0
0.01751002399078916,3.1755058765411377,233.37384033203125,1.5157957077026367,0.0,3.5937609672546387,0.0
0.01751002399078916,2.5592851638793945,169.46629333496094,1.3427523374557495,0.0,2.3438520431518555,0.0
0.01751002399078916,3.597520589828491,285.6732177734375,1.6669058799743652,0.0,3.6684024333953857,0.0
0.01751002399078916,2.133387565612793,132.277587890625,1.4120105504989624,0.0,1.8720357418060303,0.0
0.01751002399078916,2.732529401779175,139.67454528808594,2.203932285308838,0.0,1.8986393213272095,0.0
0.01751002399078916,2.889256715774536,179.52371215820312,2.304302215576172,0.0,2.899925470352173,0.0
0.01751002399078916,2.7372334003448486,172.49502563476562,1.4721102714538574,0.0,2.9200382232666016,0.0
0.01751002399078916,2.5536916255950928,116.44536590576172,0.7898670434951782,0.0,1.9174795150756836,0.0
0.01751002399078916,3.4990456104278564,249.25599670410156,1.9593095779418945,0.0,3.8935444355010986,0.0
0.01751002399078916,3.12107253074646,198.03573608398438,1.8104608058929443,0.0,2.9340274333953857,0.0
0.01751002399078916,2.496246099472046,207.3545379638672,1.125733494758606,0.0,3.008861541748047,0.0
0.01751002399078916,5.805255889892578,331.1990661621094,2.169431209564209,0.0,4.186482906341553,0.0
0.01751002399078916,4.041946887969971,194.31797790527344,0.9136480093002319,0.0,2.3251914978027344,0.0
0.01751002399078916,1.9772765636444092,141.73272705078125,1.2993801832199097,0.0,2.4283552169799805,0.0
0.01751002399078916,4.754483699798584,310.4989318847656,2.58090877532959,0.0,3.5551419258117676,0.0
0.01751002399078916,3.7413949966430664,186.19735717773438,2.2514986991882324,0.0,2.4840219020843506,0.0
0.01751002399078916,2.2902913093566895,157.01382446289062,1.6531471014022827,0.0,2.8560190200805664,0.0
0.01751002399078916,3.6451632976531982,196.91262817382812,2.388256549835205,0.0,2.8057472705841064,0.0
0.01751002399078916,2.3352315425872803,168.8643035888672,1.5351241827011108,0.0,2.559901714324951,0.0
0.01751002399078916,3.1346993446350098,191.84271240234375,2.066093921661377,0.0,3.158107042312622,0.0
0.01751002399078916,2.6440508365631104,210.8633270263672,1.6582274436950684,0.0,3.8354008197784424,0.0
0.01751002399078916,2.41841197013855,167.1661376953125,1.5329028367996216,0.0,3.0982441902160645,0.0
0.01751002399078916,2.528512477874756,168.1201171875,1.5014744997024536,0.0,2.5806338787078857,0.0
0.01751002399078916,5.713753700256348,345.5985107421875,1.8485242128372192,0.0,4.601389408111572,0.0
0.01751002399078916,1.6841444969177246,136.52137756347656,1.1416194438934326,0.0,1.8062314987182617,0.0
0.01751002399078916,3.8523926734924316,250.7868194580078,1.4978046417236328,0.0,3.6493139266967773,0.0
0.01751002399078916,2.6044981479644775,199.93263244628906,1.5964345932006836,0.0,2.9546549320220947,0.0
0.01751002399078916,3.5734095573425293,232.58340454101562,2.4350783824920654,0.0,3.582005500793457,0.0
0.01751002399078916,4.524724006652832,278.517333984375,2.8709335327148438,0.0,4.6896467208862305,0.0
0.01751002399078916,3.7276246547698975,244.63465881347656,2.1742966175079346,0.0,3.3818206787109375,0.0
0.01751002399078916,2.9504356384277344,160.83074951171875,1.7153446674346924,0.0,2.1754202842712402,0.0
0.01751002399078916,2.6172897815704346,207.90611267089844,1.685017466545105,0.0,3.028761625289917,0.0
0.01751002399078916,6.730909824371338,352.2322998046875,2.9146647453308105,0.0,5.154192924499512,0.0
0.01751002399078916,6.658263206481934,225.82359313964844,2.301421880722046,0.0,2.805368661880493,0.0
0.01751002399078916,2.5170950889587402,166.80361938476562,1.0401625633239746,0.0,2.0810468196868896,0.0
0.01751002399078916,3.3913350105285645,144.07904052734375,3.0084176063537598,0.0,2.393061876296997,0.0
0.01751002399078916,2.369713544845581,126.25862884521484,1.1136837005615234,0.0,1.6327729225158691,0.0
0.01751002399078916,2.234748125076294,119.66756439208984,1.7203021049499512,0.0,1.8853954076766968,0.0
0.01751002399078916,4.079855442047119,222.8593292236328,2.311025857925415,0.0,3.3008201122283936,0.0
0.01751002399078916,2.9854092597961426,199.55621337890625,1.7471693754196167,0.0,2.7009735107421875,0.0
0.01751002399078916,2.0888192653656006,149.35360717773438,1.2003496885299683,0.0,2.4049112796783447,0.0
0.01751002399078916,2.9152376651763916,192.8777618408203,1.2417151927947998,0.0,3.040754556655884,0.0
0.01751002399078916,2.9444572925567627,213.79058837890625,1.4993584156036377,0.0,2.829852342605591,0.0
0.01751002399078916,0.9846745133399963,71.6864013671875,0.6091994047164917,0.0,0.9650095105171204,0.0
0.01751002399078916,2.7799437046051025,208.7823486328125,1.6862589120864868,0.0,3.650649070739746,0.0
0.01751002399078916,3.634821891784668,255.63262939453125,2.437230110168457,0.0,4.195065021514893,0.0
0.01751002399078916,3.054647445678711,237.21072387695312,1.696265697479248,0.0,2.917677879333496,0.0
0.01751002399078916,3.808753252029419,204.33575439453125,3.046570301055908,0.0,3.348773241043091,0.0
0.01751002399078916,2.0644588470458984,107.63565063476562,1.700762152671814,0.0,1.9801769256591797,0.0
0.01751002399078916,2.8333938121795654,150.71640014648438,1.3259985446929932,0.0,2.263319730758667,0.0
0.01751002399078916,4.8002753257751465,260.0087585449219,2.2058334350585938,0.0,3.8310225009918213,0.0
0.01751002399078916,3.396902084350586,164.719482421875,2.0173110961914062,0.0,2.8743209838867188,0.0
0.01751002399078916,2.12888503074646,131.8736114501953,1.439871907234192,0.0,1.7012027502059937,0.0
0.01751002399078916,2.8574578762054443,196.2807159423828,1.4616143703460693,0.0,3.6769304275512695,0.0
0.01751002399078916,2.7026329040527344,161.02027893066406,1.7371020317077637,0.0,2.8108606338500977,0.0
0.01751002399078916,3.602926015853882,208.52784729003906,2.3069257736206055,0.0,3.6877543926239014,0.0
0.01751002399078916,4.683135986328125,296.27545166015625,3.4295849800109863,0.0,4.530013561248779,0.0
0.01751002399078916,3.606013059616089,229.45751953125,2.1935839653015137,0.0,4.202761173248291,0.0
0.01751002399078916,2.4826714992523193,145.7949981689453,1.8624931573867798,0.0,3.2476959228515625,0.0
0.01751002399078916,3.61008620262146,252.5364532470703,2.244478464126587,0.0,4.040774345397949,0.0
0.01751002399078916,3.7327792644500732,269.3309326171875,2.2665891647338867,0.0,4.0327229499816895,0.0
0.01751002399078916,2.952430009841919,192.50881958007812,2.101703405380249,0.0,2.5947072505950928,0.0
0.01751002399078916,4.791239261627197,317.44158935546875,2.4941272735595703,0.0,4.9201836585998535,0.0
0.01751002399078916,4.100226879119873,238.39926147460938,2.5627946853637695,0.0,3.9600043296813965,0.0
0.01751002399078916,2.74291729927063,201.3478546142578,1.3618600368499756,0.0,1.9284080266952515,0.0
0.01751002399078916,3.4476544857025146,234.368896484375,1.9386199712753296,0.0,3.1920218467712402,0.0
0.01751002399078916,3.563220739364624,204.6594696044922,2.3135242462158203,0.0,3.2547028064727783,0.0
0.01751002399078916,2.9636714458465576,217.20785522460938,1.8276033401489258,0.0,3.1809866428375244,0.0
0.01751002399078916,2.908283233642578,161.61643981933594,1.693831205368042,0.0,2.5240769386291504,0.0
0.01751002399078916,3.386650800704956,197.51272583007812,2.5559067726135254,0.0,3.0527241230010986,0.0
0.01751002399078916,2.1909050941467285,113.4896240234375,1.4733630418777466,0.0,1.8912456035614014,0.0
0.01751002399078916,3.4007866382598877,181.7188720703125,2.5365238189697266,0.0,3.006589412689209,0.0
0.01751002399078916,2.304931879043579,202.70916748046875,1.0336908102035522,0.0,2.708024501800537,0.0
0.01751002399078916,2.191287040710449,114.95165252685547,1.337680697441101,0.0,1.6971302032470703,0.0
0.01751002399078916,2.1445207595825195,157.5271759033203,1.3220394849777222,0.0,2.170445203781128,0.0
0.01751002399078916,1.9996944665908813,139.67050170898438,1.282544732093811,0.0,1.9298195838928223,0.0
0.01751002399078916,3.1194236278533936,230.1510467529297,1.816369891166687,0.0,3.346538543701172,0.0
0.01751002399078916,5.031313419342041,282.2422180175781,3.264202833175659,0.0,4.027303695678711,0.0
0.01751002399078916,3.1191811561584473,212.1763458251953,1.5658631324768066,0.0,2.9455151557922363,0.0
0.01751002399078916,1.006975769996643,69.31499481201172,0.7389265894889832,0.0,1.3450477123260498,0.0
0.01751002399078916,4.3819780349731445,257.25518798828125,2.0704221725463867,0.0,3.142624855041504,0.0
0.01751002399078916,3.7049920558929443,248.13307189941406,2.281512498855591,0.0,2.933683156967163,0.0
0.01751002399078916,2.033801794052124,127.91602325439453,1.0973451137542725,0.0,2.1423683166503906,0.0
0.01751002399078916,4.990072727203369,304.91583251953125,1.9120283126831055,0.0,3.4588592052459717,0.0
0.01751002399078916,3.1403305530548096,217.57884216308594,1.2285946607589722,0.0,2.802138090133667,0.0
0.01751002399078916,2.7622032165527344,207.11941528320312,1.4084223508834839,0.0,2.7648491859436035,0.0
0.01751002399078916,3.970487356185913,295.48931884765625,2.3057007789611816,0.0,4.35521936416626,0.0
0.01751002399078916,2.0689821243286133,123.36832427978516,1.379115104675293,0.0,2.0508391857147217,0.0
0.01751002399078916,1.8603308200836182,138.2880859375,0.8350980877876282,0.0,1.9593476057052612,0.0
0.01751002399078916,5.145410537719727,326.69647216796875,1.9893397092819214,0.0,3.989210367202759,0.0
0.01751002399078916,2.673943281173706,189.75071716308594,1.5228770971298218,0.0,2.98205828666687,0.0
0.01751002399078916,3.552342414855957,196.87673950195312,2.2256133556365967,0.0,3.258946657180786,0.0
0.01751002399078916,3.200221300125122,195.48094177246094,1.6832114458084106,0.0,2.6572537422180176,0.0
0.01751002399078916,2.9505462646484375,172.71897888183594,1.4520361423492432,0.0,2.2827184200286865,0.0
0.01751002399078916,3.353809356689453,161.6463623046875,1.6989784240722656,0.0,2.2084579467773438,0.0
0.01751002399078916,3.287076950073242,225.45774841308594,1.7065770626068115,0.0,3.2512049674987793,0.0
0.01751002399078916,2.5696322917938232,200.97691345214844,1.0191127061843872,0.0,2.952399730682373,0.0
0.01751002399078916,3.94956374168396,290.51104736328125,2.040454626083374,0.0,4.197492599487305,0.0
0.01751002399078916,3.130892515182495,181.0972442626953,2.3103277683258057,0.0,2.7616288661956787,0.0
0.01751002399078916,2.5333032608032227,141.25718688964844,2.075990676879883,0.0,2.6760480403900146,0.0
0.01751002399078916,1.9458057880401611,130.55087280273438,1.2431901693344116,0.0,1.3891552686691284,0.0
0.01751002399078916,2.524812936782837,166.39480590820312,1.2541784048080444,0.0,2.0471456050872803,0.0
0.01751002399078916,2.8162851333618164,175.75009155273438,1.3956215381622314,0.0,2.6066830158233643,0.0
0.01751002399078916,1.9577646255493164,124.76016235351562,1.3579871654510498,0.0,2.0292909145355225,0.0
0.01751002399078916,3.962427854537964,266.7581481933594,2.1160764694213867,0.0,3.7529444694519043,0.0
0.01751002399078916,1.8636325597763062,113.59224700927734,1.4574837684631348,0.0,1.8203898668289185,0.0
0.01751002399078916,2.178622245788574,157.1793670654297,1.073160171508789,0.0,2.2469570636749268,0.0
0.01751002399078916,4.045914173126221,219.52920532226562,3.0593416690826416,0.0,2.9442226886749268,0.0
0.01751002399078916,3.5509419441223145,151.25271606445312,1.2878450155258179,0.0,2.22861909866333,0.0
0.01751002399078916,2.5363731384277344,179.34750366210938,1.7923431396484375,0.0,2.4096100330352783,0.0
0.01751002399078916,3.854279041290283,201.4621124267578,2.031524181365967,0.0,2.834778070449829,0.0
0.01751002399078916,1.6288033723831177,127.22671508789062,1.0839840173721313,0.0,2.458463430404663,0.0
0.01751002399078916,1.9799598455429077,134.4521942138672,0.9144477844238281,0.0,1.5773857831954956,0.0
0.01751002399078916,4.990841865539551,232.9763641357422,4.003968238830566,3.1093649864196777,8.606003761291504,7.412370681762695
0.01751002399078916,4.594159126281738,239.82530212402344,3.819916248321533,0.0,8.985832214355469,0.0
0.01751002399078916,4.428128719329834,207.97874450683594,3.8793351650238037,0.0,8.516022682189941,0.0
0.01751002399078916,4.698675632476807,250.81192016601562,3.4099061489105225,2.53971004486084,14.40152645111084,12.40923023223877
0.01751002399078916,3.8634839057922363,222.72842407226562,2.866797685623169,0.0,11.992775917053223,0.0
0.01751002399078916,4.039736747741699,218.93162536621094,3.3901782035827637,0.0,10.261731147766113,0.0
0.01751002399078916,4.69032096862793,270.60675048828125,3.3190126419067383,0.0,9.200103759765625,0.0
0.01751002399078916,3.2288310527801514,205.9144287109375,2.7115466594696045,0.0,8.473358154296875,0.0
0.01751002399078916,3.082838773727417,187.57212829589844,2.5678508281707764,0.0,7.460052490234375,0.0
0.01751002399078916,2.8638391494750977,201.87484741210938,1.9251312017440796,0.0,6.822423458099365,0.0
0.01751002399078916,4.946506023406982,291.5010986328125,3.195380926132202,0.0,6.938380718231201,0.0
0.01751002399078916,2.7955620288848877,186.63943481445312,1.73307204246521,0.0,5.418880939483643,0.0
0.01751002399078916,4.59689474105835,251.9900360107422,3.1399192810058594,0.0,6.696928024291992,0.0
0.01751002399078916,3.716592788696289,246.81640625,2.9092071056365967,0.0,6.127463340759277,0.0
0.01751002399078916,3.6089837551116943,258.9334716796875,1.9863954782485962,0.0,5.202571868896484,0.0
0.01751002399078916,7.8425726890563965,334.0683898925781,4.57861328125,0.0,6.929203510284424,0.0
0.01751002399078916,4.48175048828125,242.56442260742188,3.06440806388855,0.0,5.3075175285339355,0.0
0.01751002399078916,3.51998233795166,176.44940185546875,2.811286211013794,0.0,4.45379638671875,0.0
0.01751002399078916,3.5376436710357666,236.6853485107422,2.3586044311523438,0.0,5.069748878479004,0.0
0.01751002399078916,3.699734687805176,213.82012939453125,2.2187249660491943,0.0,3.9494130611419678,0.0
0.01751002399078916,2.1406409740448,147.30850219726562,1.4129103422164917,0.0,2.806980609893799,0.0
0.01751002399078916,5.297644138336182,311.0289306640625,3.7779154777526855,0.0,6.659197807312012,0.0
0.01751002399078916,4.018250465393066,262.3653564453125,2.3244996070861816,0.0,5.678463459014893,0.0
0.01751002399078916,3.8611323833465576,274.9215087890625,2.3777759075164795,0.0,5.346899032592773,0.0
0.01751002399078916,5.12911319732666,286.04833984375,3.313425302505493,0.0,5.812889099121094,0.0
0.01751002399078916,2.5591650009155273,179.2255096435547,1.562558650970459,0.0,4.137944221496582,0.0
0.01751002399078916,2.673170328140259,169.9394073486328,2.015637159347534,0.0,3.9558773040771484,0.0
0.01751002399078916,3.721526622772217,268.3398742675781,2.674400806427002,0.0,5.625602722167969,0.0
0.01751002399078916,2.5946638584136963,180.20814514160156,1.9415247440338135,0.0,4.354347229003906,0.0
0.01751002399078916,2.379009485244751,158.1402587890625,1.3361068964004517,0.0,3.2749810218811035,0.0
0.01751002399078916,4.559064865112305,278.4859924316406,3.0533056259155273,0.0,4.524417400360107,0.0
0.01751002399078916,3.260124683380127,252.90951538085938,1.8490996360778809,0.0,4.558745861053467,0.0
0.01751002399078916,1.9009493589401245,146.74774169921875,1.283253788948059,0.0,2.93814754486084,0.0
0.01751002399078916,2.9754528999328613,201.00100708007812,2.085662603378296,0.0,4.241461753845215,0.0
0.01751002399078916,4.119217395782471,225.808837890625,2.212416172027588,0.0,4.408869743347168,0.0
0.01751002399078916,3.4371464252471924,235.58958435058594,1.966912865638733,0.0,4.660436153411865,0.0
0.01751002399078916,4.5853118896484375,261.2239074707031,3.2187511920928955,0.0,6.042704105377197,0.0
0.01751002399078916,3.035613775253296,204.7778778076172,1.8005597591400146,0.0,4.4369001388549805,0.0
0.01751002399078916,2.8886468410491943,201.53842163085938,2.097261905670166,0.0,3.944167375564575,0.0
0.01751002399078916,5.500304222106934,341.3111267089844,3.402515172958374,0.0,6.540433406829834,0.0
0.01751002399078916,4.452663898468018,312.9577941894531,3.057781457901001,0.0,5.755012512207031,0.0
0.01751002399078916,3.0276525020599365,210.67398071289062,1.8971014022827148,0.0,4.425929546356201,0.0
0.01751002399078916,5.7351603507995605,310.8995056152344,4.261443138122559,0.0,5.734963417053223,0.0
0.01751002399078916,3.475050926208496,198.26019287109375,2.164140224456787,0.0,4.1938629150390625,0.0
0.01751002399078916,4.061412334442139,227.76870727539062,3.0815694332122803,0.0,4.660012245178223,0.0
0.01751002399078916,3.8215436935424805,270.2344665527344,2.3019564151763916,0.0,4.929152011871338,0.0
0.01751002399078916,2.908555030822754,215.22181701660156,1.7819077968597412,0.0,4.545420169830322,0.0
0.01751002399078916,4.251048564910889,249.9486846923828,2.6676549911499023,0.0,5.028160095214844,0.0
0.01751002399078916,3.7529337406158447,254.49041748046875,2.3907394409179688,0.0,5.009920597076416,0.0
0.01751002399078916,4.826699256896973,233.9425811767578,3.3844361305236816,0.0,4.718415260314941,0.0
0.01751002399078916,3.334782838821411,196.27145385742188,2.1685197353363037,0.0,4.261414051055908,0.0
0.01751002399078916,4.183557987213135,292.2146911621094,2.766899347305298,0.0,5.9574995040893555,0.0
0.01751002399078916,3.2691829204559326,164.77789306640625,2.090693712234497,0.0,3.512751817703247,0.0
0.01751002399078916,3.2105443477630615,194.91781616210938,2.3663547039031982,0.0,3.8122739791870117,0.0
0.01751002399078916,6.711180686950684,287.9350280761719,2.5655269622802734,0.0,4.864202976226807,0.0
0.01751002399078916,3.7245535850524902,202.08364868164062,2.2367823123931885,0.0,3.890407085418701,0.0
0.01751002399078916,3.45587420463562,240.68417358398438,1.7272719144821167,0.0,4.001555442810059,0.0
0.01751002399078916,5.428932189941406,264.600341796875,2.524928331375122,0.0,4.5167317390441895,0.0
0.01751002399078916,2.5084965229034424,188.65078735351562,1.29833984375,0.0,3.0483577251434326,0.0
0.01751002399078916,5.537076473236084,257.60955810546875,3.018319845199585,0.0,5.485161781311035,0.0
0.01751002399078916,6.221585750579834,352.4735107421875,2.9836156368255615,0.0,6.078212261199951,0.0
0.01751002399078916,5.754745006561279,309.53839111328125,3.303494691848755,0.0,6.31868314743042,0.0
0.01751002399078916,2.708127498626709,173.13665771484375,1.7199296951293945,0.0,3.4914119243621826,0.0
0.01751002399078916,5.11309814453125,325.6346435546875,3.2158901691436768,0.0,5.612282752990723,0.0
0.01751002399078916,4.486941337585449,223.34823608398438,3.040189504623413,0.0,4.470394134521484,0.0
0.01751002399078916,3.9522817134857178,229.74331665039062,3.0313808917999268,0.0,4.881722927093506,0.0
0.01751002399078916,4.479476451873779,295.2034912109375,2.8593103885650635,0.0,5.189977645874023,0.0
0.01751002399078916,3.1608989238739014,212.27496337890625,1.3688116073608398,0.0,3.4036881923675537,0.0
0.01751002399078916,2.878385305404663,180.56353759765625,2.009219169616699,0.0,3.6140778064727783,0.0
0.01751002399078916,4.677114963531494,290.27349853515625,3.206050395965576,0.0,6.148190498352051,0.0
0.01751002399078916,4.064032554626465,198.0180206298828,2.320528030395508,0.0,4.8845038414001465,0.0
0.01751002399078916,4.688918113708496,278.79443359375,2.8133938312530518,0.0,4.595930099487305,0.0
0.01751002399078916,5.818015098571777,319.7915954589844,4.089707851409912,0.0,7.583272933959961,0.0
0.01751002399078916,3.8789327144622803,240.73529052734375,2.1864261627197266,0.0,5.400501728057861,0.0
0.01751002399078916,3.711101531982422,210.49534606933594,2.9430623054504395,0.0,4.4487714767456055,0.0
0.01751002399078916,2.9066643714904785,209.28878784179688,1.7597122192382812,0.0,4.488707065582275,0.0
0.01751002399078916,2.823316812515259,184.56393432617188,2.0010786056518555,0.0,3.641627073287964,0.0
0.01751002399078916,2.5461294651031494,172.94175720214844,1.3562301397323608,0.0,3.412851572036743,0.0
0.01751002399078916,4.72266960144043,309.06549072265625,2.866631507873535,0.0,5.652233600616455,0.0
0.01751002399078916,3.8117012977600098,243.6940155029297,2.6521589756011963,0.0,5.327996253967285,0.0
0.01751002399078916,3.153879404067993,210.49632263183594,2.3130390644073486,0.0,4.139820575714111,0.0
0.01751002399078916,5.616377353668213,330.3692626953125,4.310312747955322,0.0,6.832221984863281,0.0
0.01751002399078916,3.996731996536255,243.210205078125,1.990688443183899,0.0,4.643585681915283,0.0
0.01751002399078916,3.8465919494628906,216.6564483642578,2.6300482749938965,0.0,4.402144908905029,0.0
0.01751002399078916,4.757800102233887,284.5608825683594,3.3274130821228027,0.0,5.253150939941406,0.0
0.01751002399078916,6.208524703979492,311.3570861816406,2.566527843475342,0.0,4.889428615570068,0.0
0.01751002399078916,3.029390811920166,165.84616088867188,1.5589721202850342,0.0,3.4031777381896973,0.0
0.01751002399078916,4.619364261627197,296.3448791503906,2.6365408897399902,0.0,5.103705883026123,0.0
0.01751002399078916,4.629083156585693,234.50238037109375,2.309464454650879,0.0,4.101235389709473,0.0
0.01751002399078916,2.7607319355010986,175.10830688476562,1.6480767726898193,0.0,3.7043800354003906,0.0
0.01751002399078916,3.8461670875549316,234.7960205078125,2.58840274810791,0.0,4.299914836883545,0.0
0.01751002399078916,3.1860129833221436,170.6710205078125,2.3015809059143066,0.0,3.540907621383667,0.0
0.01751002399078916,3.099470853805542,172.69056701660156,2.0509960651397705,0.0,3.55641508102417,0.0
0.01751002399078916,4.929935932159424,301.8894348144531,3.030269145965576,0.0,5.592800140380859,0.0
0.01751002399078916,2.8388519287109375,201.3748779296875,2.0515122413635254,0.0,4.355252742767334,0.0
0.01751002399078916,6.140363693237305,277.968994140625,2.731844186782837,0.0,4.73588752746582,0.0
0.01751002399078916,5.3305535316467285,322.740478515625,2.7735283374786377,0.0,5.546339511871338,0.0
0.01751002399078916,4.344193458557129,256.4072265625,2.280965805053711,0.0,5.029501914978027,0.0
0.01751002399078916,2.2923226356506348,169.1397247314453,1.267722725868225,0.0,3.3966033458709717,0.0
0.01751002399078916,3.832094430923462,263.0712585449219,2.3660621643066406,0.0,4.89622163772583,0.0
0.01751002399078916,3.1535136699676514,193.5723419189453,2.0770959854125977,0.0,3.466581106185913,0.0
0.01751002399078916,3.732480764389038,230.10731506347656,2.50115704536438,0.0,4.338874340057373,0.0
0.01751002399078916,4.800179481506348,311.32574462890625,2.871725559234619,0.0,5.5897626876831055,0.0
0.01751002399078916,4.034668922424316,221.13893127441406,2.6501572132110596,0.0,4.417625427246094,0.0
0.01751002399078916,2.9694111347198486,159.88641357421875,1.2096734046936035,0.0,3.25270676612854,0.0
0.01751002399078916,3.548271417617798,202.4391632080078,2.3805079460144043,0.0,4.076132774353027,0.0
0.01751002399078916,2.7898731231689453,191.95587158203125,1.6862925291061401,0.0,4.1717119216918945,0.0
0.01751002399078916,3.884551763534546,216.1393280029297,2.263951063156128,0.0,3.4254064559936523,0.0
0.01751002399078916,5.020897388458252,252.79795837402344,3.7063448429107666,0.0,5.147552967071533,0.0
0.01751002399078916,3.484489917755127,210.1395721435547,2.694436550140381,0.0,4.099926948547363,0.0
0.01751002399078916,3.1252601146698,188.37368774414062,2.0630221366882324,0.0,4.070417404174805,0.0
0.01751002399078916,4.066892147064209,223.41127014160156,2.9573781490325928,0.0,4.702929496765137,0.0
0.01751002399078916,2.732379913330078,174.2923126220703,1.3575735092163086,0.0,3.9176745414733887,0.0
0.01751002399078916,3.324317216873169,184.00228881835938,2.4281868934631348,0.0,4.320422649383545,0.0
0.01751002399078916,2.668565034866333,211.1834716796875,1.844652771949768,0.0,4.916023254394531,0.0
0.01751002399078916,4.478580951690674,259.281005859375,3.4736287593841553,0.0,5.7145538330078125,0.0
0.01751002399078916,2.0555057525634766,120.86170196533203,0.9735004901885986,0.0,2.423074960708618,0.0
0.01751002399078916,3.475457191467285,281.98876953125,1.927578330039978,0.0,5.867770671844482,0.0
0.01751002399078916,2.8193628787994385,199.6163330078125,1.6485342979431152,0.0,3.8206968307495117,0.0
0.01751002399078916,2.429110288619995,166.38162231445312,1.5831456184387207,0.0,3.9095237255096436,0.0
0.01751002399078916,4.877625465393066,338.9093017578125,2.7811429500579834,0.0,6.16438102722168,0.0
0.01751002399078916,2.153191566467285,168.72528076171875,1.05192232131958,0.0,3.5949883460998535,0.0
0.01751002399078916,1.8246715068817139,136.1277618408203,1.028977394104004,0.0,3.2612600326538086,0.0
0.01751002399078916,3.2973413467407227,183.63572692871094,2.058147668838501,0.0,4.322911739349365,0.0
0.01751002399078916,2.351989507675171,139.79014587402344,1.8084579706192017,0.0,3.136434555053711,0.0
0.01751002399078916,3.827880859375,192.04443359375,1.9135552644729614,0.0,4.096737861633301,0.0
0.01751002399078916,6.226930618286133,323.78692626953125,3.417973279953003,0.0,7.007258415222168,0.0
